subject_version_code,name
2023-JSS004-DRS I,Kusoma
2023-JSS004-DRS II,Kusoma
2023-JSS005-DRS I,Kutunza Afya na Mazingira
2023-JSS005-DRS II,Kutunza Afya na Mazingira
2023-JSS006-DRS II,"Kuthamini Utamaduni, Sanaa na Michezo"
2023-JSS007-DRS II,Demonstrate Mastery of Basic English Language Skills
2023-JSS008-Awali,"Kumudu Stadi za Kisanii, Ubunifu na Michezo"
2023-JSS009-Awali,"Kuthamini Utamaduni wa Jamii Yake, Elimu ya Imani na Tunu za Taifa"
2023-JSS010-Awali,Kumudu Stadi za Awali za Lugha ya Mawasiliano
2023-JSS011-Awali,Kuhusiana
2023-JSS012-Awali,Afya na Mazingira
2023-JSS013-Awali,Kutumia Stadi za Awali za Kihisabati Sayansi na TEHAMA
2023-JSS014-DRS III,Demonstrate mastery of basic English Language skills
2023-JSS014-DRS III,Comprehend oral and written information
2023-JSS014-DRS III,Communicate effectively in different contexts
2023-JSS015-DRS III,Kuwasiliana katika miktadha mbalimbali
2023-JSS015-DRS III,Kuonesha uelewa wa jambo alilolisikiliza au kulisoma
2023-JSS015-DRS III,Kuwasilisha hoja kwa mazungumzo na kwa maandishi kulingana na muktadha
2023-JSS016-DRS III,Kumudu nadharia za kisayansi
2023-JSS016-DRS III,Kumudu stadi za awali za kisayansi
2023-JSS016-DRS III,Kumudu matumizi ya TEHAMA
2023-JSS003-DRS I,Kuandika
2023-JSS003-DRS II,Kuandika
2023-JSS002-DRS I,Kuhesabu
2023-JSS002-DRS II,Kuhesabu
2023-JSS001-DRS IV,Kumudu Misingi ya awali ya kihisabati (iv)
2023-JSS001-DRS IV,Kumudu matumizi ya stadi za kihisabati (iv)
2023-JSS017-DRS III,Kumudu stadi za awali za ramani na mfumo wa jua
2023-JSS017-DRS III,Kumudu stadi za awali za sura ya nchi na rasilimali zilizopo
2023-JSS017-DRS III,Kumudu misingi ya kutunza mazingira
2023-JSS018-DRS III,Kubuni kazi za sanaa
2023-JSS018-DRS III,"Kuimarisha afya, stadi na ushindani"
2023-JSS018-DRS III,Kumudu stadi za maonesho ya kazi za sanaa na michezo
2023-JSS019-DRS III,"Kulinda Historia ya Tanzania, urithi na maadili ya Taifa"
2023-JSS019-DRS III,Kumudu Historia ya Tanzania na Maadili kabla ya ukoloni
2023-JSS017-DRS IV,Kumudu stadi za awali za ramani na mfumo wa jua
2023-JSS019-DRS IV,"Kulinda Historia ya Tanzania, urithi na maadili ya Taifa"
2023-JSS019-DRS IV,Kumudu historia ya Tanzania na maadili kabla ya ukoloni
2023-JSS019-DRS IV,Kumudu historia ya ujenzi wa Taifa na maadili katika kipindi cha 1961-1966
2023-JSS015-DRS IV,Kuwasiliana katika miktadha mbalimbali
2023-JSS015-DRS IV,Kuonesha uelewa wa jambo alilolisikiliza au kulisoma
2023-JSS015-DRS IV,Kuwasilisha hoja kwa mazungumzo na kwa maandishi kulingana na muktadha
2023-JSS016-DRS IV,Kumudu nadharia za kisayansi
2023-JSS016-DRS IV,Kumudu stadi za awali za kisayansi
2023-JSS016-DRS IV,Kumudu matumizi ya TEHAMA
2023-JSS016-DRS IV,Kubuni programu sahili za kompyuta
2023-JSS018-DRS IV,Kubuni kazi za sanaa
2023-JSS018-DRS IV,"Kuimarisha afya, stadi na ushindani"
2023-JSS018-DRS IV,Kumudu stadi za maonesho ya kazi za sanaa na michezo
2023-JSS014-DRS IV,Demonstrate mastery of basic English language skills
2023-JSS014-DRS IV,Comprehend oral and written information
2023-JSS014-DRS IV,Communicate effectively in different contexts
2023-JSS015-DRS V,Kuwasiliana katika miktadha mbalimbali
2023-JSS015-DRS V,Kuonesha uelewa wa jambo alilolisikiliza au kulisoma
2023-JSS015-DRS V,Kuwasilisha hoja kwa mazungumzo na kwa maandishi kulingana na muktadha
2023-JSS014-DRS V,Demonstrate mastery of basic English language skills
2023-JSS014-DRS V,Comprehend oral and written information
2023-JSS014-DRS V,Communicate effectively in a different context
2023-JSS016-DRS V,Kumudu nadharia za kisayansi
2023-JSS016-DRS V,Kumudu stadi za awali za kisayansi
2023-JSS016-DRS V,Kubuni programu sahili za kompyuta
2023-JSS018-DRS V,Kubuni kazi za sanaa
2023-JSS018-DRS V,"Kuimarisha afya, stadi na ushindani"
2023-JSS019-DRS V,Kumudu Historia ya Tanzania na Maadili wakati wa ukoloni 1890-1960
2023-JSS019-DRS V,Kumudu historia ya ujenzi wa Taifa na maadili katika kipindi cha 1961-1966
2023-JSS017-DRS V,Kumudu stadi za awali za sura ya nchi na rasilimali zilizopo
2023-JSS017-DRS V,Kumudu stadi za awali za Jiografia ya binadamu
2023-JSS017-DRS V,Kumudu misingi ya awali ya kutunza mazingira
2023-JSS016-DRS VI,Kumudu nadharia za kisayansi
2023-JSS016-DRS VI,Kumudu stadi za awali za kisayansi
2023-JSS018-DRS VI,Kubuni kazi za sanaa
2023-JSS018-DRS VI,"Kuimarisha afya, stadi na ushindani"
2023-JSS017-DRS VI,Kumudu stadi za awali za ramani na mfumo wa jua
2023-JSS017-DRS VI,Kumudu stadi za awali za sura ya nchi
2023-JSS017-DRS VI,Kumudu stadi za awali za Jiografia ya binadamu
2023-JSS017-DRS VI,Kumudu misingi ya kutunza mazingira
2023-JSS019-DRS VI,Kumudu Historia ya Ujenzi wa Taifa na Maadili katika Kipindi cha 1961-1966
2023-JSS019-DRS VI,Kutathmini ujenzi wa Taifa na Maadili wakati wa Azimio la Arusha 1967-1985
2023-JSS019-DRS VI,Kutathmini Historia ya Tanzania na Maadili wakati wa Uliberali 1986 hadi sasa
2023-JSS015-DRS VI,Kuwasiliana katika miktadha mbalimbali
2023-JSS015-DRS VI,Kuonesha uelewa wa jambo alilolisikiliza au kulisoma
2023-JSS015-DRS VI,Kuwasilisha hoja kwa mazungumzo na kwa maandishi kulingana na muktadha
2023-JSS014-DRS VI,Demonstrate mastery of basic English language skills
2023-JSS014-DRS VI,Comprehend oral and written information
2023-JSS014-DRS VI,Communicate effectively in different contexts
2023-JSS014-Kidato I,Communicate effectively in different contexts
2023-JSS014-Kidato I,Comprehend oral and written information
2023-JSS014-Kidato I,Demonstrate mastery of English language skills
2023-JSS014-Kidato I,Manage information search from different sources for lifelong learning
2023-JSS014-Kidato II,Communicate effectively in different contexts
2023-JSS014-Kidato II,Comprehend oral and written information
2023-JSS014-Kidato II,Demonstrate mastery of English language skills
2023-JSS014-Kidato III,Appreciate and create literary works
2023-JSS014-Kidato III,Communicate effectively in different contexts
2023-JSS014-Kidato III,Comprehend oral and written information
2023-JSS014-Kidato III,Demonstrate mastery of English language skills
2023-JSS014-Kidato III,Manage information search from different sources for lifelong learning
2023-JSS014-Kidato III,Provide basic English language services to the community
2023-JSS014-Kidato IV,Appreciate and create literary works
2023-JSS014-Kidato IV,Communicate effectively in different contexts
2023-JSS014-Kidato IV,Comprehend oral and written information
2023-JSS014-Kidato IV,Demonstrate mastery of English language skills
2023-JSS014-Kidato IV,Provide basic English language services to the community
2023-JSS017-Kidato I,Demonstrate mastery of the structure of the Earth
2023-JSS017-Kidato II,Demonstrate mastery of basic skills and techniques in Geography
2023-JSS017-Kidato II,Demonstrate mastery of the structure of the Earth
2023-JSS017-Kidato III,Demonstrate mastery of basic skills and techniques in Geography
2023-JSS017-Kidato III,Demonstrate mastery of human geography
2023-JSS017-Kidato III,Demonstrate mastery of the structure of the Earth
2023-JSS017-Kidato IV,Demonstrate mastery of human geography
2023-JSS024-Kidato I,Demonstrate mastery of business knowledge
2023-JSS024-Kidato II,Apply business knowledge in various contexts
2023-JSS024-Kidato II,Demonstrate mastery of business knowledge
2023-JSS024-Kidato II,Solve social challenges using business skills
2023-JSS024-Kidato III,Apply business knowledge in various contexts
2023-JSS024-Kidato III,Demonstrate mastery of business knowledge
2023-JSS024-Kidato III,Solve social challenges using business skills
2023-JSS024-Kidato IV,Apply business knowledge in various contexts
2023-JSS024-Kidato IV,Demonstrate mastery of business knowledge
2023-JSS024-Kidato IV,Solve social challenges using business skills
2023-JSS023-Kidato I,Demonstrate mastery of the principles of Book-keeping
2023-JSS023-Kidato I,Prepare basic financial statements
2023-JSS023-Kidato II,Demonstrate mastery of financial assets control
2023-JSS023-Kidato II,Demonstrate mastery of the principles of Book-keeping
2023-JSS023-Kidato III,Demonstrate mastery of financial assets control
2023-JSS023-Kidato III,Prepare basic financial statements
2023-JSS023-Kidato III,Prepare financial statements for non-commercial institutions
2023-JSS023-Kidato IV,Demonstrate mastery of the use of ICT in Book-keeping
2023-JSS023-Kidato IV,Prepare basic financial statements
2023-JSS021-Kidato I,Conduct experiments in Chemistry
2023-JSS021-Kidato I,"Demonstrate mastery of basic concepts, theories and principles in Chemistry"
2023-JSS021-Kidato II,Conduct experiments in Chemistry
2023-JSS021-Kidato II,"Demonstrate mastery of basic concepts, theories and principles in Chemistry"
2023-JSS021-Kidato III,Conduct a project in Chemistry
2023-JSS021-Kidato III,Conduct experiments in Chemistry
2023-JSS021-Kidato III,"Demonstrate mastery of basic concepts, theories and principles in Chemistry"
2023-JSS021-Kidato III,Demonstrate mastery of basic principles of extraction of metals
2023-JSS021-Kidato IV,Conduct a project in Chemistry
2023-JSS021-Kidato IV,Conduct experiments in Chemistry
2023-JSS021-Kidato IV,"Demonstrate mastery of basic concepts, theories and principles in Chemistry"
2023-JSS021-Kidato IV,Demonstrate mastery of basic terminologies in Chemistry
2023-JSS015-Kidato I,Kumudu lugha ya mazungumzo na ya maandishi
2023-JSS015-Kidato I,Kumudu misingi ya Kiswahili
2023-JSS015-Kidato I,Kuwasiliana katika miktadha mbalimbali
2023-JSS015-Kidato II,Kumudu lugha ya mazungumzo na ya maandishi
2023-JSS015-Kidato II,Kumudu misingi ya Kiswahili
2023-JSS015-Kidato II,Kuwasiliana katika miktadha mbalimbali
2023-JSS015-Kidato III,Kumudu lugha ya mazungumzo na ya maandishi
2023-JSS015-Kidato III,Kumudu misingi ya Kiswahili
2023-JSS015-Kidato III,Kuthamini kazi za fasihi ya Kiswahili
2023-JSS015-Kidato III,Kutoa huduma ya lugha ya Kiswahili katika jamii
2023-JSS015-Kidato III,Kuwasiliana katika miktadha mbalimbali
2023-JSS015-Kidato IV,Kuthamini kazi za fasihi ya Kiswahili
2023-JSS015-Kidato IV,Kutoa huduma ya lugha ya Kiswahili katika jamii
2023-JSS015-Kidato IV,Kuwasiliana katika miktadha mbalimbali
2023-JSS019-Kidato I,Demonstrate mastery of African history before colonialism
2023-JSS019-Kidato II,Demonstrate mastery of African history before colonialism
2023-JSS019-Kidato III,Demonstrate mastery of the relationship between capitalism and Africa
2023-JSS019-Kidato IV,Demonstrate mastery of the history of Africa's participation in regional and international affairs
2023-JSS019-Kidato IV,Demonstrate mastery of the history of nation-building in post-colonial Africa
2023-JSS020-Kidato I,Communicating using scientific biological terminologies
2023-JSS020-Kidato I,Conduct biological investigations
2023-JSS020-Kidato I,"Demonstrate mastery of the concepts, principles and processes of Biology"
2023-JSS020-Kidato II,Conduct biological investigations
2023-JSS020-Kidato II,"Demonstrate mastery of the concepts, principles and processes of Biology"
2023-JSS020-Kidato III,Conduct biological investigations
2023-JSS020-Kidato III,"Demonstrate mastery of the concepts, principles and processes of Biology"
2023-JSS020-Kidato IV,Conduct biological investigations
2023-JSS020-Kidato IV,"Demonstrate mastery of the concepts, principles and processes of Biology"
2023-JSS001-Kidato I,Demonstrate mastery of mathematical language
2023-JSS001-Kidato I,Demonstrate mastery of basic concepts in geometry and algebra
2023-JSS001-Kidato I,"Demonstrate mastery of basic concepts in coordinate geometry, trigonometry, circles, vectors, probability and statistics"
2023-JSS001-Kidato II,Demonstrate mastery of mathematical language
2023-JSS001-Kidato II,Demonstrate mastery of basic concepts in geometry and algebra
2023-JSS001-Kidato II,"Demonstrate mastery of basic concepts in coordinate geometry, trigonometry, circles, vectors, probability, and statistics"
2023-JSS001-Kidato III,Demonstrate mastery of basic concepts in geometry and algebra
2023-JSS001-Kidato III,"Demonstrate mastery of basic concepts in coordinate geometry, trigonometry, circles, vectors, probability and statistics"
2023-JSS001-Kidato IV,Demonstrate mastery of basic concepts in geometry and algebra
2023-JSS001-Kidato IV,"Demonstrate mastery of basic concepts in coordinate geometry, trigonometry, circles, vectors, probability, and statistics"
2023-JSS022-Kidato I,Apply knowledge of Physics in various contexts
2023-JSS022-Kidato I,Conduct experiments in Physics
2023-JSS022-Kidato I,Evaluate and use information in Physics
2023-JSS022-Kidato II,Apply knowledge of Physics in various contexts
2023-JSS022-Kidato II,Conduct experiments in Physics
2023-JSS022-Kidato II,Evaluate and use information in Physics
2023-JSS022-Kidato III,Apply knowledge of Physics in various contexts
2023-JSS022-Kidato III,Conduct experiments in Physics
2023-JSS022-Kidato III,Evaluate and use information in Physics
2023-JSS022-Kidato IV,Apply knowledge of Physics in various contexts
2023-JSS022-Kidato IV,Conduct experiments in Physics
2023-JSS022-Kidato IV,Evaluate and use information in Physics
2023-JSS025-Kidato I,Demonstrate mastery of the basic Concepts of Computer Science
2023-JSS025-Kidato I,Demonstrate mastery of the basic principles of Computer Science
2023-JSS025-Kidato II,Demonstrate mastery of the basic Concepts of Computer Science
2023-JSS025-Kidato II,Demonstrate mastery of the basic principles of Computer Science
2023-JSS025-Kidato III,Demonstrate mastery of the basic principles of Computer Science
2023-JSS025-Kidato III,Demonstrate mastery of the basic principles of data management
2023-JSS025-Kidato IV,Demonstrate mastery of the basic Concepts of Computer Science
2023-JSS025-Kidato IV,Demonstrate mastery of the basic principles of Computer Science
2023-JSS025-Kidato IV,Demonstrate mastery of the basic principles of data management
2023-JSS026-Kidato III,Use advanced mathematical knowledge and skills in everyday life
2023-JSS026-Kidato III,Demonstrate mastery of some advanced concepts in Algebra and Calculus in problem solving
2023-JSS026-Kidato IV,Use advanced mathematical knowledge and skills in daily life
2023-JSS026-Kidato IV,Demonstrate mastery of some advanced concepts in Algebra and Calculus in problem solving
2023-JSS027-Kidato I,Demonstrate mastery of the principles of agriculture
2023-JSS027-Kidato I,Use basic agricultural skills
2023-JSS027-Kidato II,Demonstrate mastery of the principles of agriculture
2023-JSS027-Kidato II,Use basic agricultural skills
2023-JSS027-Kidato III,Demonstrate mastery of the principles of agriculture
2023-JSS027-Kidato III,Use basic agricultural skills
2023-JSS027-Kidato III,Conduct a project in Agriculture
2023-JSS027-Kidato IV,Demonstrate mastery of the principles of agriculture
2023-JSS027-Kidato IV,Use basic agricultural skills
2023-JSS027-Kidato IV,Conduct a project in Agriculture
2023-JSS028-Kidato III,Develop awareness of and empathy with national and global literary works
2023-JSS028-Kidato III,Appreciate different implications and layers of meaning in literary works
2023-JSS028-Kidato III,Compose literary works
2023-JSS028-Kidato IV,Appreciate different implications and layers of meaning in literary works
2023-JSS028-Kidato IV,Compose literary works
2023-JSS029-Kidato III,Kuthamini kazi za fasihi ya Kiswahili
2023-JSS029-Kidato III,Kujenga ujumi kutokana na kazi za fasihi
2023-JSS029-Kidato III,Kubuni kazi za fasihi
2023-JSS029-Kidato IV,Kuthamini kazi za fasihi ya Kiswahili
2023-JSS029-Kidato IV,Kujenga ujumi kutokana na kazi za fasihi
2023-JSS029-Kidato IV,Kubuni kazi za fasihi
2023-JSS034-Kidato I,Maîtriser les composantes langagières de base du Français
2023-JSS034-Kidato I,Comprendre des informations orales et écrites
2023-JSS034-Kidato II,Maîtriser les composantes langagières de base du français
2023-JSS034-Kidato II,Comprendre des informations orales et écrites
2023-JSS034-Kidato II,Communiquer efficacement dans divers contextes
2023-JSS034-Kidato III,Comprendre des informations orales et écrites
2023-JSS034-Kidato III,Communiquer efficacement dans divers contextes/ situations
2023-JSS034-Kidato IV,Comprendre des informations orales et écrites
2023-JSS034-Kidato IV,Communiquer efficacement dans divers contextes/ situation
2023-JSS034-Kidato IV,"Traduire, éditer et interpréter des informations simples"
2023-JSS034-Kidato I,Communiquer efficacement dans divers contextes
2023-JSS030-Kidato I,Demonstrate an understanding of Creation and God’s commandments
2023-JSS030-Kidato II,Demonstrate an understanding of Creation and God’s commandments
2023-JSS030-Kidato II,Demonstrate an understanding of faith by living a holy life
2023-JSS030-Kidato III,Demonstrate an understanding of devotion to God as revealed in the Bible
2023-JSS030-Kidato IV,Demonstrate an understanding of devotion to God as revealed in the Bible
2023-JSS042-Kidato V,Demonstrate mastery of some advanced concepts in Mathematics
2023-JSS042-Kidato V,Demonstrate mastery of set theory and logic
2023-JSS042-Kidato V,Demonstrate mastery of advanced algebra
2023-JSS042-Kidato V,Conduct a project in Mathematics
2023-JSS042-Kidato VI,Demonstrate mastery of some advanced concepts in Mathematics
2023-JSS042-Kidato VI,Conduct a project in Mathematics
2023-JSS038-Kidato V,Demonstrate mastery of the history of sports and its importance
2023-JSS038-Kidato V,Demonstrate mastery of the relationship between human physiology and performance in sports
2023-JSS038-Kidato V,Perform selected sports
2023-JSS038-Kidato V,Demonstrate mastery of the basic principles of sports management and administration
2023-JSS038-Kidato V,Conduct a project in sports
2023-JSS038-Kidato VI,Demonstrate mastery of the history of sports and its importance
2023-JSS038-Kidato VI,Demonstrate mastery of the relationship between human physiology and performance in sports
2023-JSS038-Kidato VI,Perform selected sports
2023-JSS038-Kidato VI,Conduct a project in sports
2023-JSS027-Kidato V,Demonstrate mastery of the principles of agriculture
2023-JSS027-Kidato V,Use some advanced technologies in agriculture
2023-JSS027-Kidato V,Conduct a project in Agriculture
2023-JSS027-Kidato VI,Demonstrate mastery of the principles of agriculture
2023-JSS027-Kidato VI,Use some advanced technologies in agriculture
2023-JSS027-Kidato VI,Conduct a project in Agriculture
2023-JSS038-Kidato I,"Demonstrate mastery of the concepts, safety and ethical conduct in sports"
2023-JSS038-Kidato I,Demonstrate mastery of the role of physical and mental fitness in sports
2023-JSS038-Kidato I,Play various sports
2023-JSS038-Kidato II,Play various sports
2023-JSS038-Kidato III,"Demonstrate mastery of the concepts, safety and ethical conduct in sports"
2023-JSS038-Kidato III,Play various sports
2023-JSS038-Kidato III,Demonstrate mastery of the fundamentals of health and safety in sports
2023-JSS038-Kidato IV,Play various sports
2023-JSS038-Kidato IV,Demonstrate mastery of the fundamentals of health and safety in sports
2023-JSS025-Kidato V,Demonstrate mastery of the principles of Computer Science
2023-JSS025-Kidato V,Demonstrate mastery of the data management
2023-JSS025-Kidato VI,Demonstrate mastery of the principles of Computer Science
2023-JSS025-Kidato VI,Demonstrate mastery of the data management
2023-JSS022-Kidato V,"Demonstrate mastery of concepts, theories and principles in Physics"
2023-JSS022-Kidato V,Conduct experiments in Physics
2023-JSS022-Kidato V,Conduct a project in Physics
2023-JSS022-Kidato VI,"Demonstrate mastery of concepts, theories and principles in Physics"
2023-JSS022-Kidato VI,Conduct experiments in Physics
2023-JSS022-Kidato VI,Conduct a project in Physics
2023-JSS045-Kidato V,"Demonstrate mastery of the concepts of governance, courage and decision making as depicted in the Old Testament"
2023-JSS045-Kidato V,Demonstrate mastery of the works of selected prophets and their relevance in daily life
2023-JSS045-Kidato V,Conduct a Project in Divinity
2023-JSS045-Kidato VI,Demonstrate mastery of selected works from the New Testament
2023-JSS045-Kidato VI,Conduct a Project in Divinity
2023-JSS024-Kidato V,Demonstrate mastery of principles of business
2023-JSS024-Kidato V,Demonstrate an understanding of the business environment
2023-JSS024-Kidato V,Conduct a project in Business Studies
2023-JSS024-Kidato VI,Demonstrate mastery of principles of business
2023-JSS024-Kidato VI,Demonstrate an understanding of the business environment
2023-JSS024-Kidato VI,Conduct a project in Business Studies
2023-JSS017-Kidato V,Demonstrate mastery of the structure of the Earth
2023-JSS017-Kidato V,Demonstrate mastery of skills and techniques in Geography
2023-JSS017-Kidato V,Conduct a project in Geography
2023-JSS017-Kidato VI,Demonstrate mastery of the structure of the Earth
2023-JSS017-Kidato VI,Demonstrate mastery of skills and techniques in Geography
2023-JSS017-Kidato VI,Conduct a project in Geography
2023-JSS036-Kidato I,Demonstrate mastery of the basic principles of Food and Nutrition
2023-JSS036-Kidato I,Demonstrate mastery of the relationship between health and nutrition
2023-JSS036-Kidato I,Prepare different dishes
2023-JSS036-Kidato II,Demonstrate mastery of the basic principles of Food and Nutrition
2023-JSS036-Kidato II,Demonstrate mastery of the relationship between health and nutrition
2023-JSS036-Kidato II,Prepare different dishes
2023-JSS036-Kidato III,Demonstrate mastery of the basic principles of Food and Nutrition
2023-JSS036-Kidato III,Demonstrate mastery of the relationship between health and nutrition
2023-JSS036-Kidato III,Prepare different dishes
2023-JSS036-Kidato III,Carry out a project in Food and Nutrition
2023-JSS036-Kidato IV,Demonstrate mastery of the basic principles of Food and Nutrition
2023-JSS036-Kidato IV,Prepare different dishes
2023-JSS036-Kidato IV,Demonstrate mastery of using technology to preserve food
2023-JSS036-Kidato IV,Carry out a project in Food and Nutrition
2023-JSS047-Kidato V,Demonstrate mastery of the principles of English language
2023-JSS047-Kidato V,Apply academic communication skills
2023-JSS047-Kidato VI,Demonstrate mastery of principles of English language
2023-JSS047-Kidato VI,Apply academic communication skills
2023-JSS037-Kidato I,"Demonstrate mastery of concepts, theories and principles of music"
2023-JSS037-Kidato I,Create and perform music
2023-JSS037-Kidato II,"Demonstrate mastery of concepts, theories and principles of music"
2023-JSS037-Kidato II,Create and perform music
2023-JSS037-Kidato II,Demonstrate mastery of the use of ICT in music
2023-JSS037-Kidato III,"Demonstrate mastery of concepts, theories and principles of music"
2023-JSS037-Kidato III,Create and perform music
2023-JSS037-Kidato III,Demonstrate mastery of the use of ICT in music
2023-JSS037-Kidato III,Carry out a project in Music
2023-JSS037-Kidato IV,"Demonstrate mastery of concepts, theories and principles of music"
2023-JSS037-Kidato IV,Create and perform music
2023-JSS037-Kidato IV,Demonstrate mastery of the use of ICT in music
2023-JSS037-Kidato IV,Carry out a project in Music
2023-JSS014-Kidato V,Demonstrate mastery of the advanced English language skills
2023-JSS014-Kidato V,Comprehend oral and written information
2023-JSS014-Kidato V,Communicate effectively in different contexts
2023-JSS014-Kidato V,Provide advanced English language services to the community
2023-JSS014-Kidato V,Appreciate and create literary works
2023-JSS014-Kidato VI,Demonstrate mastery of the advanced English language skills
2023-JSS014-Kidato VI,Comprehend oral and written information
2023-JSS014-Kidato VI,Communicate effectively in different contexts
2023-JSS014-Kidato VI,Provide advanced English language services to the community
2023-JSS014-Kidato VI,Appreciate and create literary works
2023-JSS028-Kidato V,Demonstrate mastery of the concepts and principles of literature
2023-JSS028-Kidato V,Appreciate literary works
2023-JSS028-Kidato V,Demonstrate mastery of argumentative skills
2023-JSS028-Kidato V,Create literary works
2023-JSS028-Kidato VI,Demonstrate mastery of the concepts and principles of literature
2023-JSS028-Kidato VI,Appreciate literary works
2023-JSS028-Kidato VI,Demonstrate mastery of argumentative skills
2023-JSS028-Kidato VI,Create literary works
2023-JSS043-Kidato V,Use applied mathematical knowledge and skills
2023-JSS043-Kidato V,"Use algebra, set theory, and logic to solve problems in different contexts"
2023-JSS043-Kidato VI,Use applied mathematical knowledge and skills
2023-JSS043-Kidato VI,"Use algebra, set theory and logic to solve problems in different contexts"
2023-JSS032-Kidato I,Kuonesha uelewa wa stadi za msingi za lugha ya Kiarabu
2023-JSS032-Kidato I,Kuonesha uelewa wa taarifa zilizowasilishwa kwa mdomo na kwa maandishi
2023-JSS032-Kidato II,Kuonesha uelewa wa stadi za msingi za lugha ya Kiarabu
2023-JSS032-Kidato II,Kuonesha uelewa wa taarifa zilizowasilishwa kwa mdomo na kwa maandishi
2023-JSS032-Kidato II,Kuwasiliana kwa ufanisi katika miktadha mbalimbali
2023-JSS032-Kidato III,Kuonesha uelewa wa stadi za msingi za lugha ya Kiarabu
2023-JSS032-Kidato III,Kuonesha uelewa wa taarifa zilizowasilishwa kwa mdomo na kwa maandishi
2023-JSS032-Kidato III,Kuwasiliana kwa ufanisi katika miktadha mbalimbali
2023-JSS032-Kidato III,"Kutafsiri, kuhariri na kukalimani taarifa sahili"
2023-JSS032-Kidato IV,Kuonesha uelewa wa stadi za msingi za lugha ya Kiarabu
2023-JSS032-Kidato IV,Kuonesha uelewa wa taarifa zilizowasilishwa kwa mdomo na kwa maandishi
2023-JSS032-Kidato IV,Kuwasiliana kwa ufanisi katika miktadha mbalimbali
2023-JSS032-Kidato IV,"Kutafsiri, kukalimani na kuhariri taarifa sahili"
2023-JSS021-Kidato V,"Demonstrate mastery of the concepts, theories and principles in Chemistry"
2023-JSS021-Kidato V,Conduct experiments in chemistry
2023-JSS021-Kidato V,Conduct a project in Chemistry
2023-JSS021-Kidato VI,"Demonstrate mastery of the concepts, theories and principles in Chemistry"
2023-JSS021-Kidato VI,Conduct a project in Chemistry
2023-JSS034-Kidato V,Maîtriser les compétences langagières du français au niveau avancé
2023-JSS034-Kidato V,Démontrer le niveau avancé de comprendre en français
2023-JSS034-Kidato V,"Traduire, éditer et interpréter"
2023-JSS034-Kidato V,Apprécier et composer des œuvres littéraires
2023-JSS034-Kidato VI,Maîtriser les compétences langagières du français au niveau avancé
2023-JSS034-Kidato VI,Démontrer le niveau avancé de comprendre en français
2023-JSS034-Kidato VI,"Traduire, éditer et interpréter"
2023-JSS034-Kidato VI,Apprécier et composer des œuvres littéraires
2023-JSS040-Kidato I,Demonstrate mastery of the fundamentals of garment construction
2023-JSS040-Kidato II,Demonstrate mastery of the fundamentals of garment construction
2023-JSS040-Kidato III,Demonstrate mastery of the fundamentals of garment construction
2023-JSS040-Kidato IV,Demonstrate mastery of the fundamentals of garment construction
2023-JSS040-Kidato IV,Demonstrate mastery of professionalism and ethics in garment construction
2023-JSS032-Kidato V,Kumudu stadi za juu za lugha ya Kiarabu
2023-JSS032-Kidato V,Kuonesha kiwango cha juu cha uelewa wa Kiarabu katika mazungumzo na maandishi
2023-JSS032-Kidato V,"Kutafsiri, kuhariri na kukalimani"
2023-JSS032-Kidato V,Kuthamini na kubuni kazi za fasihi ya Kiarabu
2023-JSS032-Kidato VI,Kumudu stadi za juu za lugha ya Kiarabu
2023-JSS032-Kidato VI,Kuonesha kiwango cha juu cha uelewa wa Kiarabu katika mazungumzo na maandishi
2023-JSS032-Kidato VI,"Kutafsiri, kuhariri na kukalimani"
2023-JSS032-Kidato VI,Kuthamini na kubuni kazi za fasihi ya Kiarabu
2023-JSS015-Kidato V,Kumudu stadi za juu za Kiswahili
2023-JSS015-Kidato V,Kuthamini Kiswahili kama lugha ya taifa
2023-JSS015-Kidato V,Kuhariri kazi mbalimbali
2023-JSS015-Kidato V,Kutafsiri na kukalimani kazi mbalimbali
2023-JSS015-Kidato V,Kuthamini kazi za fasihi
2023-JSS015-Kidato VI,Kumudu stadi za juu za Kiswahili
2023-JSS015-Kidato VI,Kuthamini Kiswahili kama lugha ya taifa
2023-JSS015-Kidato VI,Kuhariri kazi mbalimbali
2023-JSS015-Kidato VI,Kutafsiri na kukalimani kazi mbalimbali
2023-JSS015-Kidato VI,Kuthamini kazi za fasihi
2023-JSS033-Kidato I,Master basic Chinese language skills
2023-JSS033-Kidato I,Demonstrate understanding of information in conversation and writing
2023-JSS033-Kidato I,Communicate effectively in a variety of contexts
2023-JSS033-Kidato II,Master basic Chinese language skills
2023-JSS033-Kidato II,Demonstrate understanding of information in conversation and writing
2023-JSS033-Kidato II,Communicate effectively in a variety of contexts
2023-JSS033-Kidato III,Master basic Chinese language skills
2023-JSS033-Kidato III,Demonstrate understanding of information in conversation and writing
2023-JSS033-Kidato III,Communicate effectively in a variety of contexts
2023-JSS033-Kidato III,"Translate, and interpret simple information"
2023-JSS033-Kidato IV,Master basic Chinese language skills
2023-JSS033-Kidato IV,Demonstrate understanding of information in conversation and writing
2023-JSS033-Kidato IV,Communicate effectively in a variety of contexts
2023-JSS033-Kidato IV,"Translate, and interpret simple information"
2023-JSS019-Kidato V,Demonstrate mastery of the history of Pan-Africanism
2023-JSS019-Kidato V,Demonstrate mastery of the history of the industrial revolution
2023-JSS019-Kidato V,Demonstrate mastery of the history of administrative systems in the world
2023-JSS019-Kidato V,Conduct a project in History
2023-JSS019-Kidato VI,Demonstrate mastery of the history of threats to world peace
2023-JSS019-Kidato VI,Demonstrate mastery of the history of development in Africa
2023-JSS019-Kidato VI,Conduct a project in History
2023-JSS044-Kidato V,"Demonstrate mastery of basic concepts, theories and principles in Economics"
2023-JSS044-Kidato V,Conduct a project in Economics
2023-JSS044-Kidato VI,"Demonstrate mastery of basic concepts, theories and principles in Economics"
2023-JSS044-Kidato VI,Conduct a project in Economics
2023-JSS020-Kidato V,"Demonstrate mastery of advanced concepts, theories and principles in Biology"
2023-JSS020-Kidato V,Demonstrate mastery of taxonomic terminologies
2023-JSS020-Kidato V,Conduct biological investigations
2023-JSS020-Kidato V,Conduct a project in Biology
2023-JSS020-Kidato VI,"Demonstrate mastery of advanced concepts, theories and principles in Biology"
2023-JSS020-Kidato VI,Conduct biological investigations
2023-JSS020-Kidato VI,Conduct a project in Biology
2023-JSS031-Kidato I,"Kumtambua, kumpenda, kumtukuza na kumsifu Allaah (S.W)"
2023-JSS031-Kidato I,Kumtumikia Allaah (S.W) katika kila kipengele cha maisha
2023-JSS031-Kidato I,Kulingania na kusimamisha Haki na Uadilifu katika jamii
2023-JSS031-Kidato II,"Kumtambua, kumpenda, kumtukuza na kumsifu Allaah (S.W)"
2023-JSS031-Kidato II,Kumtumikia Allaah (S.W) katika kila kipengele cha maisha
2023-JSS031-Kidato II,Kulingania na kusimamisha Haki na Uadilifu katika jamii
2023-JSS031-Kidato III,"Kumtambua, kumpenda, kumtukuza na kumsifu Allaah (S.W)"
2023-JSS031-Kidato III,Kumtumikia Allaah (S.W) katika kila kipengele cha maisha
2023-JSS031-Kidato III,Kulingania na kusimamisha Haki na Uadilifu katika jamii
2023-JSS031-Kidato IV,"Kumtambua, kumpenda, kumtukuza na kumsifu Allaah (S.W)"
2023-JSS031-Kidato IV,Kumtumikia Allaah (S.W) katika kila kipengele cha maisha
2023-JSS031-Kidato IV,Kulingania na kusimamisha Haki na Uadilifu katika jamii
2023-JSS035-Kidato I,"Demonstrate mastery of concepts, theories and principles of Fine Art"
2023-JSS035-Kidato I,Create simple works of fine art
2023-JSS035-Kidato I,Demonstrate mastery of the principles of occupational health and environmental care in fine art
2023-JSS035-Kidato II,"Demonstrate mastery of concepts, theories and principles of Fine Art"
2023-JSS035-Kidato II,Create simple works of fine art
2023-JSS035-Kidato III,"Demonstrate mastery of concepts, theories and principles of Fine Art"
2023-JSS035-Kidato III,Create simple works of Fine Art
2023-JSS035-Kidato III,Demonstrate mastery of the principles of occupational health and environmental care in fine art
2023-JSS035-Kidato III,Use ICT to market works of fine art
2023-JSS035-Kidato IV,"Demonstrate mastery of concepts, theories and principles of Fine Art"
2023-JSS035-Kidato IV,Create simple works of fine art
2023-JSS035-Kidato IV,Demonstrate mastery of the principles of occupational health and environmental care in Fine Art
2023-JSS039-Kidato I,"Demonstrate mastery of concepts, theories, and principles of theatre arts"
2023-JSS039-Kidato I,Perform theatre arts
2023-JSS039-Kidato II,"Demonstrate mastery of concepts, theories, and principles of theatre arts"
2023-JSS039-Kidato II,Perform theatre arts
2023-JSS039-Kidato III,"Demonstrate mastery of concepts, theories, and principles of theatre arts"
2023-JSS039-Kidato III,Perform theatre arts
2023-JSS039-Kidato III,Demonstrate mastery of the use of creative language in theatre arts
2023-JSS039-Kidato III,Demonstrate mastery of the application of business principles in theatre arts
2023-JSS039-Kidato IV,"Demonstrate mastery of concepts, theories, and principles of theatre arts"
2023-JSS039-Kidato IV,Perform theatre arts
2023-JSS039-Kidato IV,Demonstrate mastery of the use of creative language in theatre arts
2023-JSS039-Kidato IV,Demonstrate mastery of the application of business principles in theatre arts
2023-JSS048-Kidato I,"Kulinda historia ya Tanzania, urithi na maadili ya Taifa"
2023-JSS048-Kidato I,Kumudu historia ya Tanzania na maadili kabla ya ukoloni
2023-JSS048-Kidato II,"Kumudu historia ya Tanzania na maadili wakati wa ukoloni, 1890-1960"
2023-JSS048-Kidato II,Kumudu historia ya ujenzi wa Taifa na maadili yake katika kipindi cha 1961-1966
2023-JSS048-Kidato III,Kumudu historia ya ujenzi wa Taifa na maadili yake katika kipindi cha 1961-1966
2023-JSS048-Kidato III,"Kutathmini ujenzi wa Taifa na maadili wakati wa Azimio la Arusha, 1967-1985"
2023-JSS048-Kidato III,Kufanya utafiti wa historia na maadili ya Tanzania
2023-JSS048-Kidato IV,"Kutathmini historia ya Tanzania na maadili wakati wa uliberali, 1986 hadi sasa"
2023-JSS048-Kidato IV,Kumudu muundo na kazi za Serikali ya Jamhuri ya Muungano wa Tanzania
2023-JSS048-Kidato IV,Kufanya utafiti wa historia ya Tanzania na maadili
2023-JSS048-Kidato V,"Kulinda historia ya Tanzania, urithi na maadili ya taifa"
2023-JSS048-Kidato V,Kumudu historia ya Tanzania na maadili kabla ya ukoloni
2023-JSS048-Kidato V,"Kumudu historia ya Tanzania na maadili wakati wa ukoloni, 1890-1960"
2023-JSS048-Kidato V,Kufanya kazi mradi ya historia ya Tanzania na maadili
2023-JSS048-Kidato VI,Kumudu historia ya ujenzi wa taifa na maadili yake katika kipindi cha 1961-1966
2023-JSS048-Kidato VI,"Kutathmini ujenzi wa Taifa na maadili yake wakati wa Azimio la Arusha, 1967-1985"
2023-JSS048-Kidato VI,"Kutathmini historia ya Tanzania na maadili wakati wa uliberali, 1986 hadi sasa"
2023-JSS048-Kidato VI,Kufanya kazi mradi ya historia ya Tanzania na maadili
2023-JSS046-Kidato V,Demonstrate mastery in principles and practice of tourism
2023-JSS046-Kidato V,Demonstrate mastery in principles of sustainable tourism
2023-JSS046-Kidato V,Conduct a project in tourism
2023-JSS046-Kidato VI,Demonstrate mastery in principles of sustainable tourism
2023-JSS046-Kidato VI,Demonstrate mastery of tourism marketing and innovation
2023-JSS046-Kidato VI,Conduct a project in tourism
2023-JSS033-Kidato V,Master advanced Chinese language skills
2023-JSS033-Kidato V,Demonstrate higher understanding of Chinese language in conversation and written texts
2023-JSS033-Kidato V,Communicate effectively in conversations and written texts
2023-JSS033-Kidato V,Translate and interpret
2023-JSS033-Kidato VI,Master advanced Chinese language skills
2023-JSS033-Kidato VI,Demonstrate higher understanding of Chinese language in conversation and written texts
2023-JSS033-Kidato VI,Communicate effectively in conversations and written texts
2023-JSS033-Kidato VI,Translate and interpret
2023-JSS039-Kidato V,"Demonstrate mastery of some advanced concepts, theories and principles of theatre arts"
2023-JSS039-Kidato V,Perform theatre arts
2023-JSS039-Kidato V,Demonstrate mastery of the creative use of language in theatre
2023-JSS039-Kidato VI,"Demonstrate mastery of some advanced concepts, theories and principles of theatre arts"
2023-JSS039-Kidato VI,Perform theatre arts
2023-JSS029-Kidato V,Kumudu dhana na misingi ya fasihi
2023-JSS029-Kidato V,Kuthamini kazi za fasihi
2023-JSS029-Kidato V,Kujenga ujumi
2023-JSS029-Kidato V,Kubuni kazi changamani za fasihi
2023-JSS029-Kidato VI,Kumudu dhana na misingi ya fasihi
2023-JSS029-Kidato VI,Kuthamini kazi za fasihi
2023-JSS029-Kidato VI,Kujenga ujumi
2023-JSS029-Kidato VI,Kubuni kazi changamani za fasihi
2023-JSS041-Kidato V,"Demonstrate mastery of the concepts, theories and principles of Accounting"
2023-JSS041-Kidato V,Preparing accounting reports
2023-JSS041-Kidato VI,"Demonstrate mastery of the concepts, theories and principles of accounting"
2023-JSS041-Kidato VI,Prepare accounting reports
2023-JSS041-Kidato VI,Demonstrate mastery of professional ethics in Accountancy
2023-JSS041-Kidato VI,Use ICT to analyse financial statements
2023-JSS031-Kidato V,Kuishi kwa mujibu wa itikadi ya Uislamu
2023-JSS031-Kidato V,Kuthamini Qur’an na Sunnah
2023-JSS031-Kidato V,Kumtumikia Allah (S.W) katika nyanja zote za maisha
2023-JSS031-Kidato V,Kuthamini historia katika kuimarisha Haki na Uadilifu katika jamii
2023-JSS031-Kidato VI,Kuishi kwa mujibu wa itikadi ya Uislamu
2023-JSS031-Kidato VI,Kuthamini Qur’an na Sunnah
2023-JSS031-Kidato VI,Kumtumikia Allah (S.W) katika nyanja zote za maisha
2023-JSS031-Kidato VI,Kuthamini historia katika kuimarisha Haki na Uadilifu katika jamii
2023-JSS037-Kidato V,Demonstrate mastery of some advanced theories and principles of music
2023-JSS037-Kidato V,Perform music
2023-JSS037-Kidato V,Use ICT in the music industry
2023-JSS037-Kidato V,Conduct a project in music
2023-JSS037-Kidato VI,Demonstrate mastery of some advanced theories and principles of music
2023-JSS037-Kidato VI,Perform music
2023-JSS037-Kidato VI,Conduct a project in music
2023-JSS035-Kidato V,Demonstrate mastery of some advanced theories and principles of Fine Art
2023-JSS035-Kidato V,Create works of Fine Art
2023-JSS035-Kidato V,Use ICT in Fine Art
2023-JSS035-Kidato V,Conduct a project in Fine Art
2023-JSS035-Kidato VI,Demonstrate mastery of some advanced theories and principles of Fine Art
2023-JSS035-Kidato VI,Create works of Fine Art
2023-JSS035-Kidato VI,Conducting a project in Fine Art
2023-JSS036-Kidato V,Demonstrate mastery of principles of Food and Nutrition
2023-JSS036-Kidato V,Demonstrate mastery of the principles and practices of nutritional assessment
2023-JSS036-Kidato V,Carry out a project in Food and Nutrition
2023-JSS036-Kidato VI,Demonstrate mastery of principles of Food and Nutrition
2023-JSS036-Kidato VI,Demonstrate mastery of the technology for processing and preserving food
2023-JSS036-Kidato VI,Carry out a project in Food and Nutrition
2023-JSS040-Kidato V,"Demonstrate mastery of the properties of textile fibres, yarn and fabric"
2023-JSS040-Kidato V,Use ICT in textile design and garment construction
2023-JSS040-Kidato V,Conduct a project in Textile and Garment Construction
2023-JSS040-Kidato VI,"Demonstrate mastery of the properties of textile fibres, yarn and fabric"
2023-JSS040-Kidato VI,Use ICT in textile design and garment construction
2023-JSS040-Kidato VI,Conduct a project in Textile and Garment Construction
