subject_version_code,main_competence_name,specific_competence_name,learning_activity_name,sla_name,sla_periods,sla_method,sla_leading,sla_assessment_criteria,sla_teaching_aids,sla_references,sla_notes_intro,sla_notes_details,sla_notes_illustrations,sla_notes_daily_life,sla_exercise,sla_diagram_type
2023-JSS017-DRS IV,Kumudu stadi za awali za ramani na mfumo wa jua,Kutumia ramani katika maisha ya kila siku,"Kuonesha uelekeo wa vitu mbalimbali kwa kutumia pande kuu nne na nane za dunia (Kutambua pande kuu nne, kuchora pande kuu nne, kutumia pande kuu nne kuonesha uelekeo, kutambua pande nane, kuchora pande nane, kutumia pande nane kuonesha uelekeo)",Kutambua pande kuu nne za dunia,5,Bunguabongo,Kuwaongoza Wanafunzi,Mwanafunzi aweze kutaja pande kuu nne za dunia na kueleza jinsi ya kuzibaini kwa kutumia mawio na machweo ya jua.,Kitabu cha mwanafunzi|Ubao|Kielelezo namba 1 (Pande Kuu za Dunia),"TET(2023), JIOGRAFIA NA MAZINGIRA, KITABU CHA MWANAFUNZI, DARASA LA NNE, TET, DAR ES SALAAM","Somo hili linamjulisha mwanafunzi kuwa Pande Kuu za Dunia ni alama za msingi za mwongozo zinazotumika kuonesha uelekeo wa sehemu tofauti za dunia, ambazo ni Kaskazini, Kusini, Mashariki na Magharibi.","Mwalimu atawaongoza wanafunzi kujadili jinsi ya kubaini pande kuu nne kwa kutumia mawio na machweo ya jua: asubuhi jua huchomoza upande wa Mashariki, na jioni jua huzama upande wa Magharibi, hivyo mtu anayelitazama jua asubuhi anakuwa na Kusini upande wa kulia na Kaskazini upande wa kushoto.","Kielelezo namba 1 kinaonesha Pande Kuu za Dunia zikiwa zimeandikwa kwa vifupisho Kas, Kus, Mas na Magh kuzunguka duara moja katikati.",Mwanafunzi anaweza kubaini alipoelekea asubuhi anapotoka nyumbani kwenda shuleni kwa kuangalia upande jua linakochomoza.,"Taja pande kuu nne za dunia.::Kaskazini, Kusini, Mashariki na Magharibi.||Jua huchomoza upande gani asubuhi?::Upande wa Mashariki.||Jua huzama upande gani jioni?::Upande wa Magharibi.||Ukisimama ukitazama jua linapochomoza, upande wa kulia kwako utakuwa upande gani?::Kusini.",
2023-JSS017-DRS IV,Kumudu stadi za awali za ramani na mfumo wa jua,Kutumia ramani katika maisha ya kila siku,"Kuonesha uelekeo wa vitu mbalimbali kwa kutumia pande kuu nne na nane za dunia (Kutambua pande kuu nne, kuchora pande kuu nne, kutumia pande kuu nne kuonesha uelekeo, kutambua pande nane, kuchora pande nane, kutumia pande nane kuonesha uelekeo)",Kuchora pande kuu nne za dunia,5,Kazi za Vitendo,Kuwaongoza Wanafunzi,Mwanafunzi aweze kuchora mchoro wa Pande Kuu za Dunia akifuata hatua sahihi nje ya darasa.,Ubao|Kiwanja cha shule|Kijiwe au chaki ya kuwekea alama|Kitabu cha mwanafunzi,"TET(2023), JIOGRAFIA NA MAZINGIRA, KITABU CHA MWANAFUNZI, DARASA LA NNE, TET, DAR ES SALAAM","Somo hili linamwongoza mwanafunzi kuchora Pande Kuu za Dunia kwa vitendo akiwa nje ya darasa, akitumia mwelekeo wa jua kama kiongozi cha kubainisha kila upande.","Wanafunzi watafuata hatua zilizoainishwa: kuchora duara mahali walipo, kubaini jua linakochomoza na kugeukia upande huo, kutembea hatua tatu mbele na kuandika Mashariki, kurudi na kutembea hatua tatu nyuma kuandika Magharibi, kisha kugeuka kulia kuandika Kusini na kushoto kuandika Kaskazini, na hatimaye kuunganisha maneno hayo kwa mistari iliyonyooka kuelekea kwenye duara.","Kwa mfano, mwanafunzi anayesimama uwanjani asubuhi akitazama jua linakochomoza atatembea hatua tatu mbele na kuandika neno Mashariki, kisha kufuata hatua zilizobaki mpaka mchoro ukamilike ukiwa na maneno manne yaliyounganishwa na duara.",Mwanafunzi anaweza kuchora mchoro kama huu uwanjani kwao nyumbani ili kuwaonyesha ndugu zake jinsi ya kubaini pande kuu nne kwa kutumia jua.,"Hatua ya kwanza ya kuchora Pande Kuu za Dunia ni ipi?::Kuchora duara mahali ulipo kusimama.||Baada ya kubaini jua linakochomoza, hatua inayofuata ni ipi?::Kutembea hatua tatu mbele na kuandika Mashariki.||Neno gani huandikwa baada ya kurudi kwenye duara na kutembea hatua tatu nyuma?::Magharibi.||Mchoro wa Pande Kuu za Dunia hukamilishwaje?::Kwa kuchora mistari iliyonyooka kutoka kwenye kila neno kuelekea kwenye duara.",
2023-JSS017-DRS IV,Kumudu stadi za awali za ramani na mfumo wa jua,Kutumia ramani katika maisha ya kila siku,"Kuonesha uelekeo wa vitu mbalimbali kwa kutumia pande kuu nne na nane za dunia (Kutambua pande kuu nne, kuchora pande kuu nne, kutumia pande kuu nne kuonesha uelekeo, kutambua pande nane, kuchora pande nane, kutumia pande nane kuonesha uelekeo)",Kutumia pande kuu nne kuonesha uelekeo,5,Maswali na Majibu,Kuwaongoza Wanafunzi,Mwanafunzi aweze kutumia pande kuu nne za dunia kubainisha uelekeo wa vitu mbalimbali katika ramani na dira.,Kitabu cha mwanafunzi|Ubao|Kielelezo namba 3 (Mtaa wa Ziwani)|Dira,"TET(2023), JIOGRAFIA NA MAZINGIRA, KITABU CHA MWANAFUNZI, DARASA LA NNE, TET, DAR ES SALAAM","Somo hili linamwezesha mwanafunzi kutumia pande kuu nne za dunia katika kubainisha uelekeo wa vitu vinavyoonekana katika ramani, kwa kutumia alama ya uelekeo wa Kaskazini iliyoko kwenye ramani husika.","Kwa kutumia Kielelezo namba 3 kinachoonesha Mtaa wa Ziwani, mwalimu atawaongoza wanafunzi kwa njia ya maswali na majibu kubainisha uelekeo wa kituo cha bajaji kutoka eneo la kambi, uelekeo wa kwenda kivukoni, na mahali lilipo ziwa, kanisa na msikiti. Wanafunzi pia watajifunza kutumia dira kwa kuhakikisha mshale wake umeelekea Kaskazini kisha kubaini pande nyingine.","Kielelezo namba 3 kinaonesha Mtaa wa Ziwani ukiwa na kambi, ziwa, kanisa, msikiti na kivuko, ambapo mwanafunzi anaweza kubainisha kila kimoja kipo upande gani wa kingine kwa kutumia Kaskazini, Kusini, Mashariki na Magharibi.",Mwanafunzi anaweza kutumia pande kuu nne kumwelekeza mgeni aliyefika nyumbani kwao jinsi ya kufika sokoni au kanisani kwa kutaja upande sahihi.,"Ni kifaa gani kinachotumika kutambua uelekeo wa Kaskazini?::Dira.||Katika Kielelezo namba 3, ziwa lipo upande gani wa makazi?::Upande unaobainishwa kwa kutumia alama ya Kaskazini kwenye ramani (mfano: Mashariki au upande unaooneshwa kwenye kielelezo).||Ni nini hutusaidia kubaini pande kuu nne kwenye ramani?::Alama ya uelekeo wa Kaskazini iliyoko kwenye ramani.||Baada ya kuhakikisha mshale wa dira umeelekea Kaskazini, hatua inayofuata ni ipi?::Kubaini pande nyingine: Kusini nyuma, Mashariki kulia na Magharibi kushoto.",
2023-JSS017-DRS IV,Kumudu stadi za awali za ramani na mfumo wa jua,Kutumia ramani katika maisha ya kila siku,"Kuonesha uelekeo wa vitu mbalimbali kwa kutumia pande kuu nne na nane za dunia (Kutambua pande kuu nne, kuchora pande kuu nne, kutumia pande kuu nne kuonesha uelekeo, kutambua pande nane, kuchora pande nane, kutumia pande nane kuonesha uelekeo)",Kutambua pande nane za dunia,5,Majadiliano,Kuwaongoza Wanafunzi,Mwanafunzi aweze kutaja pande nane za dunia na kueleza mielekeo minne ya ziada inayoongezwa kwenye pande kuu nne.,Kitabu cha mwanafunzi|Ubao|Kielelezo namba 5 (Pande nane za dunia),"TET(2023), JIOGRAFIA NA MAZINGIRA, KITABU CHA MWANAFUNZI, DARASA LA NNE, TET, DAR ES SALAAM","Somo hili linamjulisha mwanafunzi kuwa pande nane za dunia hupatikana kwa kuongeza mielekeo minne zaidi kati ya pande kuu nne, nayo ni Kaskazini-Mashariki, Kusini-Mashariki, Kusini-Magharibi na Kaskazini-Magharibi.","Mwalimu atawaongoza wanafunzi kujadili kwa vikundi jinsi kila upande wa kati unavyopatikana kati ya pande kuu mbili, kwa mfano Kaskazini-Mashariki hupatikana kati ya Kaskazini na Mashariki, na kukumbushana kwamba usomaji wa pande nane huanzia Kaskazini au Kusini.","Kielelezo namba 5 kinaonesha pande nane za dunia zikiwa zimechorwa kama nyota yenye ncha nane kuzunguka duara moja, zikionesha pande kuu nne pamoja na mielekeo minne ya kati.","Mwanafunzi anaweza kutumia maarifa haya kueleza kwa usahihi zaidi upande alipo, kwa mfano kueleza kuwa shule yao ipo Kaskazini-Mashariki mwa nyumbani kwao badala ya kusema Kaskazini tu.","Taja mielekeo minne ya ziada inayoongezwa kwenye pande kuu nne kupata pande nane.::Kaskazini-Mashariki, Kusini-Mashariki, Kusini-Magharibi na Kaskazini-Magharibi.||Kifupi cha Kusini-Mashariki ni kipi?::Kus-Mas.||Uelekeo gani upo katikati ya Kaskazini na Mashariki?::Kaskazini-Mashariki.||Tunapaswa kuanzia upande gani tunaposoma pande nane za dunia?::Kaskazini au Kusini.",
2023-JSS017-DRS IV,Kumudu stadi za awali za ramani na mfumo wa jua,Kutumia ramani katika maisha ya kila siku,"Kuonesha uelekeo wa vitu mbalimbali kwa kutumia pande kuu nne na nane za dunia (Kutambua pande kuu nne, kuchora pande kuu nne, kutumia pande kuu nne kuonesha uelekeo, kutambua pande nane, kuchora pande nane, kutumia pande nane kuonesha uelekeo)",Kuchora pande nane za dunia,5,Kazi za Vitendo,Kuwaongoza Wanafunzi,Mwanafunzi aweze kuchora mchoro wa pande nane za dunia kwa kuongeza mielekeo minne ya kati kwenye mchoro wa pande kuu nne.,Ubao|Karatasi|Rula|Kalamu|Kitabu cha mwanafunzi,"TET(2023), JIOGRAFIA NA MAZINGIRA, KITABU CHA MWANAFUNZI, DARASA LA NNE, TET, DAR ES SALAAM","Somo hili linamwongoza mwanafunzi kuchora pande nane za dunia kwa kuanzia na mchoro wa pande kuu nne alioufahamu awali, kisha kuongeza mistari minne mipya katikati ya kila jozi ya pande kuu.","Wanafunzi watachora duara na kuweka Kaskazini, Kusini, Mashariki na Magharibi mahali pake, kisha wataongeza mistari minne inayogawanya nafasi kati ya pande hizo na kuandika Kaskazini-Mashariki, Kusini-Mashariki, Kusini-Magharibi na Kaskazini-Magharibi mahali sahihi kufuatana na Kielelezo namba 5.","Kwa mfano, baada ya kuchora Kaskazini juu na Mashariki kulia, mwanafunzi ataongeza mstari wa kati unaotenganisha pande hizo mbili na kuandika Kaskazini-Mashariki katikati yake, kama ilivyooneshwa katika Kielelezo namba 5.",Mwanafunzi anaweza kutumia mchoro huu wa pande nane kutengeneza kifani cha kuwekea nyumbani ili kumsaidia kubaini uelekeo wa maeneo mbalimbali karibu na kwao.,Mchoro wa pande nane za dunia huanzia na mchoro upi?::Mchoro wa pande kuu nne za dunia.||Ni mistari mingapi ya ziada huongezwa kupata pande nane kutoka pande nne?::Mistari minne.||Kaskazini-Magharibi huchorwa kati ya pande zipi mbili?::Kaskazini na Magharibi.||Kielelezo namba 5 kinaonesha nini?::Kinaonesha pande nane za dunia.,
2023-JSS017-DRS IV,Kumudu stadi za awali za ramani na mfumo wa jua,Kutumia ramani katika maisha ya kila siku,"Kuonesha uelekeo wa vitu mbalimbali kwa kutumia pande kuu nne na nane za dunia (Kutambua pande kuu nne, kuchora pande kuu nne, kutumia pande kuu nne kuonesha uelekeo, kutambua pande nane, kuchora pande nane, kutumia pande nane kuonesha uelekeo)",Kutumia pande nane kuonesha uelekeo,5,Uchunguzi,Kuwaongoza Wanafunzi,Mwanafunzi aweze kutumia pande nane za dunia kubainisha kwa usahihi uelekeo wa maeneo mbalimbali kwenye ramani.,Kitabu cha mwanafunzi|Ubao|Kielelezo namba 6 (Kubaini uelekeo)|Kielelezo namba 7 (Eneo la mapumziko na michezo),"TET(2023), JIOGRAFIA NA MAZINGIRA, KITABU CHA MWANAFUNZI, DARASA LA NNE, TET, DAR ES SALAAM",Somo hili linamwezesha mwanafunzi kutumia pande nane za dunia kubainisha kwa usahihi zaidi uelekeo wa mahali fulani ikilinganishwa na kutumia pande kuu nne pekee.,"Kwa kutumia Kielelezo namba 6, wanafunzi watachunguza safari za Sakina kwenda shuleni, maktabani, nyumbani, sokoni, bwawani, viwanja vya michezo, hotelini na zahanati, na kubainisha uelekeo wa kila safari kwa pande nane. Kisha watatumia Kielelezo namba 7 kubainisha upande ulipo shamba la miti, uwanja wa mpira wa miguu na mgahawa kutoka eneo la mapumziko.","Kwa mfano, endapo shule ipo Kaskazini-Mashariki mwa nyumbani kwa Sakina, mwanafunzi ataandika Kaskazini-Mashariki kama jibu la uelekeo wa safari yake ya kwenda shuleni, akizingatia alama ya Kaskazini iliyoko kwenye ramani.","Mwanafunzi anaweza kutumia pande nane kumweleza mwenzake kwa usahihi zaidi upande alipo eneo fulani, kwa mfano kueleza kuwa duka lipo Kusini-Magharibi mwa nyumba yao badala ya kusema tu Kusini.","Katika Kielelezo namba 6, ni njia gani hutumika kubainisha uelekeo wa safari za Sakina?::Pande nane za dunia.||Kwa nini pande nane hutumika badala ya pande nne pekee wakati mwingine?::Ili kubainisha uelekeo kwa usahihi zaidi.||Iwapo shule ya rafiki yako ipo Kaskazini-Magharibi mwa shule yako, shule yako itakuwa upande gani wa shule ya rafiki yako?::Kusini-Mashariki.||Ni nini hutusaidia kubaini uelekeo sahihi wa vitu kwenye ramani?::Alama ya uelekeo wa Kaskazini iliyoko kwenye ramani.",
2023-JSS017-DRS IV,Kumudu stadi za awali za ramani na mfumo wa jua,Kutumia ramani katika maisha ya kila siku,"Kueleza dhana ya ramani (maana, sifa na umuhimu)",Maana ya ramani na ramani za jumla,3,Bunguabongo,Kuwaongoza Wanafunzi,Mwanafunzi aweze kueleza maana ya ramani na kutaja aina tatu za ramani za jumla.,Kitabu cha mwanafunzi|Ubao|Kielelezo namba 1 (Topografia ya Mkoa wa Tanga),"TET(2023), JIOGRAFIA NA MAZINGIRA, KITABU CHA MWANAFUNZI, DARASA LA NNE, TET, DAR ES SALAAM","Somo hili linamjulisha mwanafunzi kuwa ramani ni mchoro unaowakilisha taarifa zilizopo katika uso wa dunia kwa kutumia skeli maalumu, na huchorwa kwenye karatasi, kitambaa, kidijitali au eneo lolote bapa.","Mwalimu atawaongoza wanafunzi kujadili kuwa ramani za jumla hutoa taarifa mbalimbali za eneo moja, na aina zake ni ramani za topografia zinazoonesha maumbo ya asili na yaliyotengenezwa na binadamu kwa kutumia mistari ya kontua, ramani za kisiasa zinazoonesha mipaka ya nchi na mikoa, na ramani za barabara na reli zinazoonesha mitandao ya usafiri.",Kielelezo namba 1 kinaonesha ramani ya topografia ya Mkoa wa Tanga ikitumia mistari ya kontua kuonesha tofauti za miinuko katika eneo hilo.,Mwanafunzi anaweza kutumia ramani ya barabara anapotafuta njia ya kwenda mji mwingine asiyeujua kwa gari au basi.,"Ramani ni nini?::Ramani ni mchoro unaowakilisha taarifa zilizopo katika uso wa dunia kwa kutumia skeli maalumu.||Taja aina tatu za ramani za jumla.::Ramani za topografia, ramani za kisiasa na ramani za barabara na reli.||Ramani za topografia huonesha nini?::Huonesha maumbo ya asili na yaliyotengenezwa na binadamu kwa kutumia mistari ya kontua.||Ramani za kisiasa huonesha nini?::Huonesha mipaka ya nchi, mikoa, wilaya na maeneo mengine ndani ya nchi.",
2023-JSS017-DRS IV,Kumudu stadi za awali za ramani na mfumo wa jua,Kutumia ramani katika maisha ya kila siku,"Kueleza dhana ya ramani (maana, sifa na umuhimu)",Ramani za thematiki,3,Majadiliano,Kuwaongoza Wanafunzi,Mwanafunzi aweze kueleza maana ya ramani za thematiki na kutaja aina tatu zake.,Kitabu cha mwanafunzi|Ubao|Kielelezo namba 4 (Mtawanyiko wa watu Tabora)|Kielelezo namba 5 (Mtawanyiko wa mvua Iringa),"TET(2023), JIOGRAFIA NA MAZINGIRA, KITABU CHA MWANAFUNZI, DARASA LA NNE, TET, DAR ES SALAAM","Somo hili linamjulisha mwanafunzi kuwa ramani za thematiki ni ramani zinazowasilisha mada au taarifa moja maalumu na pekee, tofauti na ramani za jumla zinazotoa taarifa nyingi kwa pamoja.","Mwalimu atawaongoza wanafunzi kujadili aina za ramani za thematiki: ramani ya idadi ya watu inayoonesha wingi au mtawanyiko wa watu, ramani za hali ya hewa zinazoonesha mtawanyiko wa joto, mvua, upepo na unyevu-anga, na ramani za mipango miji zinazoonesha mpangilio wa miji na vijiji kwa ajili ya makazi na huduma za kijamii.","Kielelezo namba 4 kinaonesha mtawanyiko wa watu katika Mkoa wa Tabora, wakati Kielelezo namba 5 kinaonesha mtawanyiko wa mvua katika Mkoa wa Iringa, vyote vikiwa mifano ya ramani za thematiki.",Mwanafunzi anaweza kutumia ramani ya hali ya hewa kufahamu iwapo eneo lao litapata mvua nyingi au kidogo msimu ujao ili familia yao ijiandae kwa kilimo.,"Ramani za thematiki ni nini?::Ni ramani zinazowasilisha mada au taarifa moja maalumu na pekee.||Taja aina moja ya ramani za thematiki.::Ramani ya idadi ya watu (au ramani za hali ya hewa, ramani za mipango miji).||Kielelezo namba 4 kinaonesha nini?::Kinaonesha mtawanyiko wa watu katika Mkoa wa Tabora.||Ramani za mipango miji zinaonesha nini?::Zinaonesha mpangilio wa miji na vijiji kwa ajili ya makazi na huduma za kijamii.",
2023-JSS017-DRS IV,Kumudu stadi za awali za ramani na mfumo wa jua,Kutumia ramani katika maisha ya kila siku,"Kueleza dhana ya ramani (maana, sifa na umuhimu)",Vipengele muhimu vya ramani,3,Uchunguzi,Kuwaongoza Wanafunzi,Mwanafunzi aweze kutaja angalau vipengele vitano muhimu vya ramani na kueleza kazi ya kila kimoja.,Kitabu cha mwanafunzi|Ubao|Kielelezo namba 8 (Vipengele muhimu vya ramani)|Kielelezo namba 9 (Kijiji cha Mwendapole),"TET(2023), JIOGRAFIA NA MAZINGIRA, KITABU CHA MWANAFUNZI, DARASA LA NNE, TET, DAR ES SALAAM",Somo hili linamjulisha mwanafunzi kuwa vipengele muhimu vya ramani ni sehemu za msingi za ramani zinazowezesha matumizi sahihi ya ramani husika.,"Mwalimu atawaongoza wanafunzi kutazama Kielelezo namba 8 na kubainisha vipengele saba: fremu inayozunguka ramani, kichwa cha ramani kinachotambulisha ramani inahusu nini, alama ya uelekeo wa Kaskazini, ufunguo unaofafanua alama zilizotumika, skeli inayoonesha uhusiano wa umbali, mistari ya gridi inayogawanya ramani katika miraba, na chanzo kinachoeleza mahali taarifa zilipopatikana. Kisha wanafunzi watachunguza Kielelezo namba 9 cha Kijiji cha Mwendapole ili kubaini vipengele vilivyokosekana.","Kielelezo namba 9 kinaonesha ramani ya Kijiji cha Mwendapole yenye mapungufu ambapo baadhi ya vipengele muhimu kama ufunguo au alama ya Kaskazini havijawekwa katika herufi A, B, C na D, hivyo wanafunzi wanatakiwa kubainisha vipengele vinavyokosekana.",Mwanafunzi anaweza kuangalia ramani ya kijitabu cha shule au ramani ya nchi darasani na kubainisha vipengele hivyo saba ili kuithibitisha kuwa ni ramani kamili.,"Taja vipengele vitatu muhimu vya ramani.::Fremu, kichwa cha ramani na ufunguo (au uelekeo wa Kaskazini, skeli, mistari ya gridi, chanzo).||Ufunguo wa ramani hufanya kazi gani?::Hufafanua alama na ishara zilizotumika katika ramani.||Skeli ya ramani hutumika kufanya nini?::Kuonesha uhusiano wa umbali uliotumika katika ramani na umbali halisi katika ardhi.||Kwa nini Kielelezo namba 9 kinaonekana kuwa na mapungufu?::Kwa sababu baadhi ya vipengele muhimu vya ramani havikuwekwa katika ramani hiyo.",
2023-JSS017-DRS IV,Kumudu stadi za awali za ramani na mfumo wa jua,Kutumia ramani katika maisha ya kila siku,"Kueleza dhana ya ramani (maana, sifa na umuhimu)",Sifa na umuhimu wa ramani,4,Bunguabongo,Kuwaongoza Wanafunzi,Mwanafunzi aweze kutaja angalau sifa mbili za ramani nzuri na umuhimu tatu wa ramani katika maisha ya kila siku.,Kitabu cha mwanafunzi|Ubao|Vielelezo mbalimbali vya ramani,"TET(2023), JIOGRAFIA NA MAZINGIRA, KITABU CHA MWANAFUNZI, DARASA LA NNE, TET, DAR ES SALAAM","Somo hili linamjulisha mwanafunzi sifa zinazopaswa kuwa nazo ramani nzuri, ikiwemo kusomeka kwa urahisi, kuonesha vipengele vyote muhimu, kuwakilisha maeneo na umbali halisi, kutumia rangi na maandishi yanayoonekana, kuonesha taarifa zinazohitajika pekee, na kuwa na taarifa za hivi karibuni.","Mwalimu atawaongoza wanafunzi kwa njia ya bunguabongo kuorodhesha umuhimu wa ramani kama vile kujifunza kuhusu maeneo mbalimbali, kufahamu umbali na uelekeo, kupanga safari, kusaidia wakati wa dharura, kuonesha mahali rasilimali zinapopatikana, kujua mipaka ya kiutawala, na kuonesha vivutio vya utalii.","Kwa mfano, ramani inayotumiwa na timu za uokoaji wakati wa dharura ya moto lazima iwe na sifa ya kusomeka kwa urahisi na kuonesha njia sahihi ya kufika eneo la tukio ili kuokoa maisha kwa haraka.","Mwanafunzi anaweza kutumia ramani yenye sifa nzuri kupanga safari ya kwenda kijijini kwa likizo, akijua umbali na njia sahihi ya kufuata.",Taja sifa mbili za ramani nzuri.::Kusomeka kwa urahisi na kuonesha vipengele vyote muhimu vya ramani.||Taja umuhimu mmoja wa ramani katika dharura.::Husaidia timu za uokoaji kubaini uelekeo sahihi wa eneo la tukio.||Kwa nini ramani inapaswa kuwa na taarifa za hivi karibuni?::Ili itoe taarifa sahihi zinazoendana na hali halisi ya sasa.||Taja umuhimu mmoja wa ramani kwa mkulima.::Humsaidia kufahamu mahali rasilimali kama ardhi nzuri au vyanzo vya maji vinapopatikana.,
2023-JSS017-DRS IV,Kumudu stadi za awali za ramani na mfumo wa jua,Kutumia ramani katika maisha ya kila siku,Kuchora ramani sahili kuonesha mazingira ya darasani,Dhana ya uchoraji wa ramani,3,Majadiliano,Kuwaongoza Wanafunzi,Mwanafunzi aweze kueleza maana ya uchoraji wa ramani na kutaja jina la taaluma na mtaalamu wa uchoraji ramani.,Kitabu cha mwanafunzi|Ubao|Orodha ya vitu vinavyoweza kuoneshwa katika ramani,"TET(2023), JIOGRAFIA NA MAZINGIRA, KITABU CHA MWANAFUNZI, DARASA LA NNE, TET, DAR ES SALAAM",Somo hili linamjulisha mwanafunzi kuwa uchoraji wa ramani ni sanaa na sayansi ya kuonesha kwenye karatasi au uso bapa wowote mahali ambapo vitu vinapatikana katika uso wa dunia.,"Mwalimu atawaongoza wanafunzi kujadili kuwa taaluma ya uchoraji wa ramani huitwa katografia na mtu anayechora ramani huitwa katografa, kisha wataorodhesha vitu vinavyoweza kuoneshwa katika ramani kama barabara, majengo, mito na bahari, milima na mabonde, mbuga na misitu, mipaka ya miji na nchi, pamoja na viwanja vya michezo.","Kwa mfano, katografa anapotakiwa kuchora ramani ya mji fulani atajumuisha vitu kama barabara kuu, shule, hospitali na mto unaopita katikati ya mji huo.",Mwanafunzi anaweza kutembelea maeneo yanayozunguka shule yao na kuorodhesha vitu muhimu ambavyo angevionesha endapo angetakiwa kuchora ramani ya shule yao.,"Uchoraji wa ramani ni nini?::Ni sanaa na sayansi ya kuonesha kwenye karatasi au uso bapa mahali vitu vinapatikana katika uso wa dunia.||Taaluma ya uchoraji wa ramani huitwaje?::Katografia.||Mtu anayechora ramani huitwaje?::Katografa.||Taja vitu vitatu vinavyoweza kuoneshwa katika ramani.::Barabara, majengo na mito (au milima, mabonde, misitu, mipaka, viwanja vya michezo).",
2023-JSS017-DRS IV,Kumudu stadi za awali za ramani na mfumo wa jua,Kutumia ramani katika maisha ya kila siku,Kuchora ramani sahili kuonesha mazingira ya darasani,Alama za ramani,3,Uchunguzi,Kuwaongoza Wanafunzi,Mwanafunzi aweze kueleza maana ya alama za ramani na kuchora angalau alama tatu zinazowakilisha vitu halisi.,Kitabu cha mwanafunzi|Ubao|Kielelezo namba 1 (Alama za ramani)|Kielelezo namba 2 (Shule ya msingi Mbuga),"TET(2023), JIOGRAFIA NA MAZINGIRA, KITABU CHA MWANAFUNZI, DARASA LA NNE, TET, DAR ES SALAAM","Somo hili linamjulisha mwanafunzi kuwa alama za ramani ni michoro midogo inayotumika kwenye ramani kuwakilisha vitu halisi vilivyopo katika eneo husika, na alama hizi huoneshwa kwenye ufunguo wa ramani.","Mwalimu atawaongoza wanafunzi kutazama Kielelezo namba 1 kinachoonesha alama za mto, mlima, mti, shule, reli, msikiti, daraja, kanisa, jengo na hospitali, kisha kuchunguza Kielelezo namba 2 cha Shule ya Msingi Mbuga ili kubaini vitu vilivyowasilishwa kwa alama hizo na kubaini alama zisizoonekana kwenye ufunguo.","Kwa mfano, katika Kielelezo namba 2, mstari mfupi wenye alama maalumu unaweza kuwakilisha daraja, wakati duara dogo lenye msalaba linaweza kuwakilisha kanisa, na wanafunzi wanaweza kuchora alama hizo katika daftari lao.","Mwanafunzi anaweza kutumia alama za ramani kutambua haraka shule, hospitali au msikiti ulipo anapoangalia ramani ya mtaa wao bila kusoma maandishi marefu.","Alama za ramani ni nini?::Ni michoro midogo inayotumika kwenye ramani kuwakilisha vitu halisi.||Alama za ramani huoneshwa wapi kwenye ramani?::Huoneshwa kwenye ufunguo wa ramani.||Taja alama tatu za ramani zilizotajwa katika Kielelezo namba 1.::Mto, mlima na shule (au mti, reli, msikiti, daraja, kanisa, jengo, hospitali).||Kwa nini alama za ramani ni muhimu?::Husaidia kutambua vitu halisi vilivyopo eneo husika kwa haraka bila kuandika maneno marefu.",
2023-JSS017-DRS IV,Kumudu stadi za awali za ramani na mfumo wa jua,Kutumia ramani katika maisha ya kila siku,Kuchora ramani sahili kuonesha mazingira ya darasani,Skeli ya ramani,4,Maswali na Majibu,Kuwaongoza Wanafunzi,Mwanafunzi aweze kueleza maana ya skeli ya ramani na kutaja njia tatu za kuwasilisha skeli.,Kitabu cha mwanafunzi|Ubao|Kielelezo namba 3 (Skeli ya mstari)|Rula,"TET(2023), JIOGRAFIA NA MAZINGIRA, KITABU CHA MWANAFUNZI, DARASA LA NNE, TET, DAR ES SALAAM","Somo hili linamjulisha mwanafunzi kuwa skeli ya ramani ni uwiano wa umbali kwenye ramani na umbali halisi kwenye ardhi, ambayo huwezesha kutambua umbali halisi wa vitu kutoka kwenye ramani.","Mwalimu atawaongoza wanafunzi kwa njia ya maswali na majibu kubaini njia tatu za kuwasilisha skeli: njia ya maelezo kama vile sentimeta moja kwenye ramani inawakilisha kilometa moja kwenye ardhi, njia ya uwiano au sehemu kama vile 1:50000, na njia ya mstari inayooneshwa kwa mchoro wa mstari wenye vipimo.",Kielelezo namba 3 kinaonesha skeli ya mstari ikiwa na vipimo vilivyowekwa alama zinazoonesha jinsi ya kubadilisha urefu wa mstari kuwa umbali halisi ardhini.,Mwanafunzi anaweza kutumia skeli ya ramani ya nchi darasani kukokotoa umbali kutoka mji wake hadi mji mkuu wa nchi kwa kupima umbali kwenye ramani kisha kuubadilisha kwa kutumia skeli.,"Skeli ya ramani ni nini?::Ni uwiano wa umbali kwenye ramani na umbali halisi kwenye ardhi.||Taja njia tatu za kuwasilisha skeli ya ramani.::Njia ya maelezo, njia ya uwiano au sehemu, na njia ya mstari.||Skeli ya 1:50000 iko katika njia gani ya kuwasilisha skeli?::Njia ya uwiano au sehemu.||Kielelezo namba 3 kinaonesha aina gani ya skeli?::Skeli ya mstari.",
2023-JSS017-DRS IV,Kumudu stadi za awali za ramani na mfumo wa jua,Kutumia ramani katika maisha ya kila siku,Kuchora ramani sahili kuonesha mazingira ya darasani,Vifaa vya kuchorea ramani,3,Onyeshombinu,Kuwaongoza Wanafunzi,Mwanafunzi aweze kutaja angalau vifaa vitano vya kuchorea ramani kwa mkono na kifaa kimoja cha kidijitali.,Meza ya kuchorea|Karatasi|Penseli|Bikari|Rula|Kielelezo namba 4 (Vifaa vya uchoraji wa ramani),"TET(2023), JIOGRAFIA NA MAZINGIRA, KITABU CHA MWANAFUNZI, DARASA LA NNE, TET, DAR ES SALAAM","Somo hili linamjulisha mwanafunzi vifaa mbalimbali vinavyotumika kuchorea ramani sahili, ambavyo ni meza ya kuchorea, karatasi, penseli, bikari, kiguni, ufutio, kalamu ya wino, kichongeo, rangi na rula.","Mwalimu atawaonyesha wanafunzi vifaa hivyo halisi kwa kutumia mbinu ya onyeshombinu kwa kutumia Kielelezo namba 4, kisha awajulishe kuwa uchoraji wa ramani kidijitali hutumia vifaa kama kompyuta, simujanja, tabuleti na ubao wa kuchorea wa kidijitali pamoja na programu kama CAD na GIS.","Kwa mfano, mwalimu ataonyesha jinsi bikari inavyotumika kupima umbali kwenye ramani na jinsi rula inavyotumika kunyoosha mistari, kisha kuwaonyesha picha ya kompyuta na programu za GIS kwenye Kielelezo namba 4.",Mwanafunzi anaweza kutumia rula na penseli za nyumbani kwake kujaribu kuchora ramani sahili ya chumba chake kwa kufuata vifaa vilivyofundishwa darasani.,"Taja vifaa vitatu vinavyotumika kuchorea ramani kwa mkono.::Meza ya kuchorea, karatasi na penseli (au bikari, kiguni, ufutio, kalamu ya wino, kichongeo, rangi, rula).||Taja kifaa kimoja cha kidijitali kinachotumika kuchora ramani.::Kompyuta (au simujanja, tabuleti, ubao wa kuchorea wa kidijitali).||Taja programu mbili za kidijitali za kuchorea ramani.::CAD na GIS.||Bikari hutumika kufanya nini wakati wa kuchora ramani?::Hutumika kupima umbali kwenye ramani.",
2023-JSS017-DRS IV,Kumudu stadi za awali za ramani na mfumo wa jua,Kutumia ramani katika maisha ya kila siku,Kuchora ramani sahili kuonesha mazingira ya darasani,Hatua za kuchora ramani sahili,4,Majadiliano,Kuwaongoza Wanafunzi,Mwanafunzi aweze kuorodhesha kwa usahihi hatua kumi za kuchora ramani sahili.,Kitabu cha mwanafunzi|Ubao|Chati ya hatua za uchoraji wa ramani sahili,"TET(2023), JIOGRAFIA NA MAZINGIRA, KITABU CHA MWANAFUNZI, DARASA LA NNE, TET, DAR ES SALAAM","Somo hili linamjulisha mwanafunzi kuwa ramani sahili ni ramani inayochorwa bila kutumia skeli, na kwamba uchoraji wake hufuata hatua maalumu ili kupata ramani yenye vipengele vyote muhimu.","Mwalimu atawaongoza wanafunzi kujadili hatua kumi za kuchora ramani sahili: kutambua ukubwa, umbo na uelekeo wa eneo; kubainisha maumbo, ukubwa na mahali vitu muhimu vinapopatikana; kuandaa eneo kwa kuchora umbo la mraba au mstatili; kuweka alama ya uelekeo wa Kaskazini; kuchora umbo la mipaka ya eneo; kutumia alama kuchora vitu muhimu; kuandaa ufunguo; kuandika kichwa cha ramani; kufanya marekebisho; na kuchora fremu.","Kwa mfano, mwanafunzi anayetaka kuchora ramani sahili ya bustani ya nyumbani kwao ataanza kwa kutambua umbo la bustani hiyo, kisha kufuata hatua zilizobaki mpaka afikie hatua ya mwisho ya kuchora fremu inayozunguka ramani nzima.",Mwanafunzi anaweza kutumia hatua hizi kuchora ramani sahili ya kijiwe cha soko au eneo lolote analolifahamu vizuri karibu na nyumbani kwao.,"Taja hatua ya kwanza ya kuchora ramani sahili.::Kutambua ukubwa, umbo na uelekeo wa eneo.||Alama ya uelekeo wa Kaskazini huwekwa katika hatua ipi?::Baada ya kuandaa eneo la kuchora, kabla ya kuchora mipaka ya eneo.||Hatua ya mwisho ya kuchora ramani sahili ni ipi?::Kuchora fremu.||Kwa nini tunafanya marekebisho kabla ya kumaliza kuchora ramani?::Ili kuhakikisha ramani inaonesha taarifa sahihi na iko sawa kabla ya kukamilika.",
2023-JSS017-DRS IV,Kumudu stadi za awali za ramani na mfumo wa jua,Kutumia ramani katika maisha ya kila siku,Kuchora ramani sahili kuonesha mazingira ya darasani,Kuchora ramani ya darasa,4,Kazi za Vitendo,Kuwaongoza Wanafunzi,Mwanafunzi aweze kuchora ramani sahili ya darasa lake akionesha vitu muhimu vilivyomo darasani.,Karatasi|Penseli|Rula|Ubao|Kitabu cha mwanafunzi,"TET(2023), JIOGRAFIA NA MAZINGIRA, KITABU CHA MWANAFUNZI, DARASA LA NNE, TET, DAR ES SALAAM","Somo hili linamwongoza mwanafunzi kuchora ramani sahili ya darasa lake kwa kutumia hatua za uchoraji wa ramani sahili alizojifunza, akianzia na kutambua ukubwa, umbo na uelekeo wa darasa lenyewe.","Wanafunzi watafuata hatua nne: kutambua ukubwa, umbo na uelekeo wa darasa; kubainisha maumbo, ukubwa na mahali vitu vilivyomo darasani kama madawati, meza ya mwalimu na mlango vilipo; kuandaa eneo la kuchora; na kufuata hatua kamili za uchoraji wa ramani sahili kuchora, kuweka alama, ufunguo na kichwa cha ramani.","Kwa mfano, mwanafunzi atachora umbo la mstatili kuwakilisha darasa, kisha kuweka alama za madawati mstari kwa mstari, mlango upande mmoja na ubao mbele, akiwa ameweka alama ya uelekeo wa Kaskazini na ufunguo unaofafanua kila alama.","Mwanafunzi anaweza kutumia ustadi huu kuchora ramani sahili ya chumba chao cha kulala nyumbani akionesha kitanda, dirisha na mlango.","Ramani ya darasa huanza kuchorwa kwa hatua gani?::Kutambua ukubwa, umbo na uelekeo wa darasa.||Taja kitu kimoja kinachopaswa kuoneshwa kwenye ramani ya darasa.::Madawati (au meza ya mwalimu, mlango, ubao).||Kwa nini tunaweka alama ya Kaskazini kwenye ramani ya darasa?::Ili kuonesha uelekeo sahihi wa darasa na vitu vilivyomo.||Baada ya kuchora vitu vyote darasani, hatua ya mwisho ni ipi?::Kuchora fremu na kuweka kichwa cha ramani.",
2023-JSS017-DRS IV,Kumudu stadi za awali za ramani na mfumo wa jua,Kutumia ramani katika maisha ya kila siku,"Kuchora ramani sahili ya shule, kata, wilaya, Tanzania",Kuchora ramani ya shule,5,Kazi za Vitendo,Kuwaongoza Wanafunzi,"Mwanafunzi aweze kuchora ramani sahili ya shule yake akionesha majengo, ofisi, madarasa na viwanja vya michezo.",Karatasi|Penseli|Rula|Ubao|Uwanja wa shule,"TET(2023), JIOGRAFIA NA MAZINGIRA, KITABU CHA MWANAFUNZI, DARASA LA NNE, TET, DAR ES SALAAM","Somo hili linamjulisha mwanafunzi kuwa ramani ya shule ni mchoro unaoonesha muundo wa shule ikijumuisha viwanja vya michezo, majengo, ofisi na madarasa.","Wanafunzi watafuata hatua nne za kuchora ramani ya shule: kutambua ukubwa, umbo na uelekeo wa eneo la shule; kubainisha ukubwa, maumbo na mahali vilipo vitu muhimu; kuandaa eneo la kuchora; na kufuata hatua za uchoraji wa ramani sahili walizojifunza awali.","Kwa mfano, mwanafunzi atachora umbo la eneo lote la shule, kisha kuweka alama za madarasa, ofisi ya walimu, uwanja wa michezo na mlango mkuu wa shule kwa kuzingatia mahali halisi vilipo, akiweka alama ya Kaskazini na ufunguo.",Mwanafunzi anaweza kutumia ramani ya shule aliyoichora kumwelekeza mgeni au mzazi anayetembelea shule kwa mara ya kwanza jinsi ya kufika ofisini au darasani.,"Ramani ya shule inaonesha nini?::Inaonesha muundo wa shule ikijumuisha viwanja vya michezo, majengo, ofisi na madarasa.||Taja hatua ya kwanza ya kuchora ramani ya shule.::Kutambua ukubwa, umbo na uelekeo wa eneo la shule.||Taja kitu kimoja kinachopaswa kuoneshwa kwenye ramani ya shule.::Madarasa (au ofisi, uwanja wa michezo).||Kwa nini ni muhimu kuweka ufunguo kwenye ramani ya shule?::Ili kufafanua alama zilizotumika kuwakilisha majengo na maeneo mbalimbali ya shule.",
2023-JSS017-DRS IV,Kumudu stadi za awali za ramani na mfumo wa jua,Kutumia ramani katika maisha ya kila siku,"Kuchora ramani sahili ya shule, kata, wilaya, Tanzania",Kuchora ramani ya kata,6,Uchunguzi,Kuwaongoza Wanafunzi,Mwanafunzi aweze kueleza maana ya kata na kuchora ramani sahili ya kata yake akionesha vitu muhimu kwa uelekeo sahihi.,Kitabu cha mwanafunzi|Ubao|Kielelezo namba 5 (Kata ya Sinza)|Rangi,"TET(2023), JIOGRAFIA NA MAZINGIRA, KITABU CHA MWANAFUNZI, DARASA LA NNE, TET, DAR ES SALAAM","Somo hili linamjulisha mwanafunzi kuwa kata ni eneo la kiutawala linalojumuisha vijiji au mitaa kadhaa, na kwamba ramani ya kata huonesha vitu vilivyomo katika eneo hilo kama barabara, misikiti, hospitali na mito.","Mwalimu atawaongoza wanafunzi kuchunguza Kielelezo namba 5 cha Kata ya Sinza ili kubainisha vitu vinavyoonekana na vipengele muhimu vya ramani vilivyozingatiwa, kisha wanafunzi wachore ramani ya kata hiyo wakionesha barabara iliyopo Kusini-Magharibi, msikiti uliopo Kusini, kata iliyopo Kaskazini, mto uliopo Kusini, hospitali iliyopo Kusini-Magharibi mwa Kijitonyama, na ofisi iliyopo Kusini mwa Barabara ya Mlandizi.","Kielelezo namba 5 kinaonesha Kata ya Sinza ikiwa na barabara, misikiti, hospitali, ofisi na mto, vyote vikiwa vimewekwa kwa uelekeo maalumu unaobainishwa kwa alama ya Kaskazini.",Mwanafunzi anaweza kutumia ramani ya kata yake kufahamu ni wapi hospitali ya karibu au ofisi ya kata inapatikana endapo familia yao itahitaji huduma za haraka.,"Kata ni nini?::Ni eneo la kiutawala linalojumuisha vijiji au mitaa kadhaa.||Katika Kielelezo namba 5, msikiti upo upande gani wa ramani?::Kusini.||Taja kitu kimoja kinachoonekana katika ramani ya Kata ya Sinza.::Barabara (au misikiti, hospitali, mto, ofisi).||Kwa nini tunahitaji kubainisha uelekeo kabla ya kuchora vitu kwenye ramani ya kata?::Ili kuweka vitu mahali sahihi kulingana na uelekeo wake halisi.",
2023-JSS017-DRS IV,Kumudu stadi za awali za ramani na mfumo wa jua,Kutumia ramani katika maisha ya kila siku,"Kuchora ramani sahili ya shule, kata, wilaya, Tanzania",Kuchora ramani ya wilaya,6,Majadiliano,Kuwaongoza Wanafunzi,"Mwanafunzi aweze kueleza maana ya wilaya na kuchora ramani sahili ya wilaya moja akionesha makao makuu, msitu, soko na hospitali.",Kitabu cha mwanafunzi|Ramani ya Tanzania|Kielelezo namba 6 (Mkoa wa Dodoma)|Rangi,"TET(2023), JIOGRAFIA NA MAZINGIRA, KITABU CHA MWANAFUNZI, DARASA LA NNE, TET, DAR ES SALAAM","Somo hili linamjulisha mwanafunzi kuwa wilaya ni mgawanyiko wa kiutawala wa eneo fulani ndani ya nchi, na kwamba mkoa mmoja unaweza kuwa na wilaya kadhaa kama inavyooneshwa katika Kielelezo namba 6 cha Mkoa wa Dodoma.","Mwalimu atawaongoza wanafunzi kuchagua wilaya moja wanayoifahamu na kuichora, wakionesha makao makuu ya wilaya, msitu, soko na hospitali ya wilaya kama ilivyoelekezwa katika Kazi ya kufanya namba 6, na kufuata hatua za uchoraji wa ramani sahili walizojifunza.","Kwa mfano, wilaya inayochorwa inaweza kuoneshwa ikiwa na alama ya soko katikati, hospitali ya wilaya karibu na makao makuu, na msitu upande mmoja wa ramani, huku kila kimoja kikiwa na alama yake katika ufunguo.",Mwanafunzi anaweza kutumia ramani ya wilaya yake kufahamu umbali kati ya kijiji chao na makao makuu ya wilaya wanapohitaji kwenda kupata huduma za serikali.,"Wilaya ni nini?::Ni mgawanyiko wa kiutawala wa eneo fulani ndani ya nchi.||Taja vitu vinne vinavyopaswa kuoneshwa kwenye ramani ya wilaya kwa mujibu wa somo hili.::Makao makuu ya wilaya, msitu, soko na hospitali ya wilaya.||Kielelezo namba 6 kinaonesha mkoa upi?::Mkoa wa Dodoma.||Kwa nini ni muhimu kujua wilaya unayoishi ina wilaya ngapi jirani?::Ili kufahamu mipaka na uhusiano wa kiutawala baina ya maeneo hayo.",
2023-JSS017-DRS IV,Kumudu stadi za awali za ramani na mfumo wa jua,Kutumia ramani katika maisha ya kila siku,"Kuchora ramani sahili ya shule, kata, wilaya, Tanzania",Kuchora ramani ya Tanzania,6,Kazi za Vitendo,Kuwaongoza Wanafunzi,"Mwanafunzi aweze kuchora ramani sahili ya Tanzania akionesha Mlima Kilimanjaro, Bahari ya Hindi, Ziwa Victoria, Ziwa Tanganyika, Ziwa Nyasa na visiwa vya Pemba, Unguja na Mafia.",Atlasi|Karatasi|Penseli|Rangi|Rula,"TET(2023), JIOGRAFIA NA MAZINGIRA, KITABU CHA MWANAFUNZI, DARASA LA NNE, TET, DAR ES SALAAM",Somo hili linamwongoza mwanafunzi kuchora ramani sahili ya Tanzania kwa kutumia atlasi au vyanzo vya kuaminika vya mtandaoni kama msaada wa kuona umbo halisi la nchi.,"Wanafunzi watachora umbo la Tanzania kisha kuweka alama za Mlima Kilimanjaro, Bahari ya Hindi, Ziwa Victoria, Ziwa Tanganyika, Ziwa Nyasa, pamoja na visiwa vya Pemba, Unguja na Mafia, kisha kuweka ufunguo, alama ya uelekeo wa Kaskazini, fremu na kichwa cha ramani kama ilivyoelekezwa katika Kazi ya kufanya namba 8.","Kwa mfano, mwanafunzi atachora Mlima Kilimanjaro upande wa Kaskazini-Mashariki mwa ramani, Ziwa Victoria upande wa Kaskazini-Magharibi, Ziwa Tanganyika na Ziwa Nyasa upande wa Magharibi na Kusini, na Bahari ya Hindi upande wa Mashariki karibu na visiwa vya Unguja, Pemba na Mafia.",Mwanafunzi anaweza kutumia ramani ya Tanzania aliyoichora kuwaonesha ndugu zake mahali walipo maziwa makuu na milima maarufu ya nchi yao.,"Taja chanzo kimoja kinachoweza kutumika kupata ramani sahihi ya Tanzania kwa ajili ya kuichora.::Atlasi (au vyanzo vya kuaminika vya mtandaoni).||Taja ziwa moja linalopaswa kuoneshwa kwenye ramani ya Tanzania kwa mujibu wa somo hili.::Ziwa Victoria (au Ziwa Tanganyika, Ziwa Nyasa).||Taja visiwa vitatu vinavyopaswa kuoneshwa kwenye ramani ya Tanzania.::Pemba, Unguja na Mafia.||Ni vipengele gani vinne vya ziada vinavyopaswa kuwekwa baada ya kuchora ramani ya Tanzania?::Ufunguo, alama ya uelekeo wa Kaskazini, fremu na kichwa cha ramani.",
2023-JSS017-DRS IV,Kumudu stadi za awali za ramani na mfumo wa jua,Kutumia ramani katika maisha ya kila siku,"Kuchora ramani sahili ya shule, kata, wilaya, Tanzania",Dhana ya uchoraji wa ramani kidijitali,5,Majadiliano,Kuwaongoza Wanafunzi,Mwanafunzi aweze kueleza maana ya uchoraji wa ramani kidijitali na kutaja mahitaji manne muhimu ya kuandaa kabla ya kuanza.,Kitabu cha mwanafunzi|Ubao|Picha za programu za GIS na Google My Maps,"TET(2023), JIOGRAFIA NA MAZINGIRA, KITABU CHA MWANAFUNZI, DARASA LA NNE, TET, DAR ES SALAAM","Somo hili linamjulisha mwanafunzi kuwa uchoraji wa ramani kidijitali ni uundaji wa ramani kwa kutumia teknolojia ya kompyuta au simujanja zenye programu za uchoraji ramani kama ArcGIS, QGIS, AutoCAD na Google My Maps.","Mwalimu atawaongoza wanafunzi kujadili mambo ya kuzingatia kabla ya kuchora ramani kidijitali: kuwa na simujanja, tabuleti au kompyuta, kuhakikisha kifaa kimeunganishwa na mtandao, kutambua eneo la kijiografia linalotakiwa kuchorwa, na kuwa na akaunti katika tovuti ya Google.","Kwa mfano, mwanafunzi anayetaka kuchora ramani ya hifadhi ya wanyama kwa njia ya kidijitali atahitaji kwanza kuwa na simujanja yenye mtandao na akaunti ya Google kabla ya kuanza kutumia programu ya Google My Maps.",Mwanafunzi anaweza kuona ndugu zake wakubwa wakitumia simu janja kutafuta njia za kwenda sehemu mbalimbali kwa kutumia programu za ramani za kidijitali.,"Uchoraji wa ramani kidijitali ni nini?::Ni uundaji wa ramani kwa kutumia teknolojia ya kompyuta au simujanja zenye programu za uchoraji ramani.||Taja programu mbili zinazotumika kuchora ramani kidijitali.::ArcGIS na QGIS (au AutoCAD, Google My Maps).||Taja jambo moja la kuzingatia kabla ya kuchora ramani kidijitali.::Kuhakikisha kifaa kimeunganishwa na mtandao (au kuwa na akaunti ya Google).||Kwa nini mtu anahitaji akaunti ya Google kabla ya kutumia Google My Maps?::Ili aweze kuingia na kutumia huduma za programu hiyo kuunda na kuhifadhi ramani.",
2023-JSS017-DRS IV,Kumudu stadi za awali za ramani na mfumo wa jua,Kutumia ramani katika maisha ya kila siku,"Kuchora ramani sahili ya shule, kata, wilaya, Tanzania",Kuchora ramani kidijitali kwa Google My Maps,6,Onyeshombinu,Kuwaongoza Wanafunzi,Mwanafunzi aweze kufuata hatua za msingi za kuchora ramani sahili kwa kutumia programu ya Google My Maps.,Simujanja au kompyuta|Mtandao wa intaneti|Kielelezo namba 7-12 (hatua za Google My Maps),"TET(2023), JIOGRAFIA NA MAZINGIRA, KITABU CHA MWANAFUNZI, DARASA LA NNE, TET, DAR ES SALAAM","Somo hili linamjulisha mwanafunzi hatua za kuchora ramani kidijitali kwa kutumia programu ya Google My Maps, kama ilivyofanyiwa mfano wa ramani ya Hifadhi ya Wanyama ya Swaga Swaga katika kitabu.","Mwalimu atawaonyesha wanafunzi hatua kwa hatua: kuingia katika tovuti ya Google na kuandika 'Google My Maps', kuingia menyu ya kuunda ramani mpya, kutafuta anuani ya eneo linalohitajika, kubofya alama ya kutafuta, kubofya 'draw line' kisha 'Add line or shapes' kuanza kuchora, kuendelea kuchora hadi kukamilisha mzunguko na kuhifadhi, kubadili kichwa cha ramani, kubadili rangi ya mwonekano, kuweka jina la ufunguo, na hatimaye kuchapisha ramani.","Kwa mfano, baada ya kutafuta 'Swaga Swaga Game Reserve' kwenye programu, mwalimu ataonyesha jinsi ya kuchora mpaka wa hifadhi kwa kutumia 'draw line' kama ilivyooneshwa katika Kielelezo namba 11, kisha kuihifadhi ikiwa na jina 'Ramani ya Swaga Swaga'.",Mwanafunzi mwenye simujanja nyumbani anaweza kujaribu kutafuta eneo la kijiji chao kwenye Google My Maps na kujifunza kuchora mpaka wake pamoja na ndugu zake.,"Ni programu gani iliyotumika kuchora ramani ya hifadhi ya Swaga Swaga kwenye kitabu?::Google My Maps.||Hatua ya kwanza ya kuchora ramani kwa Google My Maps ni ipi?::Kuingia katika tovuti ya Google na kuandika 'Google My Maps'.||Ni vitufe gani hutumika kuanza kuchora umbo kwenye Google My Maps?::'Draw line' kisha 'Add line or shapes'.||Baada ya kuchora na kuhifadhi ramani, hatua ya mwisho ni ipi?::Kuchapisha ramani.",
2023-JSS017-DRS IV,Kumudu stadi za awali za ramani na mfumo wa jua,Kutumia ramani katika maisha ya kila siku,"Kutumia ramani sahili kubaini uelekeo, umbali, na kutoa na kufuata maelekezo",Kutumia ramani kubaini uelekeo na mahali,5,Uchunguzi,Kuwaongoza Wanafunzi,Mwanafunzi aweze kutumia ramani kubainisha uelekeo na mahali vitu mbalimbali vilipo kwa kutumia alama ya Kaskazini.,Kitabu cha mwanafunzi|Ubao|Kielelezo namba 1 (Ramani ya shule),"TET(2023), JIOGRAFIA NA MAZINGIRA, KITABU CHA MWANAFUNZI, DARASA LA NNE, TET, DAR ES SALAAM","Somo hili linamjulisha mwanafunzi kuwa uelekeo na mahali katika ramani vinaweza kubainishwa kwa kutumia alama ya uelekeo wa Kaskazini iliyoko kwenye ramani, na pia kwa kutumia ramani za kidijitali na GPS.","Mwalimu atawaongoza wanafunzi kuchunguza Kielelezo namba 1 cha ramani ya shule na kujibu maswali kuhusu vitu vilivyopo Kaskazini mwa barabara kuu, upande madarasa yalipo kulinganisha na uwanja wa mpira wa miguu, na upande Darasa la VI lilipo kulinganisha na Darasa la V na Darasa la II na Darasa la IV.","Kwa mfano, endapo Darasa la VI liko upande wa Kaskazini wa Darasa la V kwenye Kielelezo namba 1, mwanafunzi ataandika Kaskazini kama jibu sahihi la uelekeo huo.",Mwanafunzi anaweza kutumia ujuzi huu kubainisha upande zahanati au kituo cha polisi kilipo kutokea nyumbani kwao anapotazama ramani ya mtaa wao.,"Ni alama gani hutumika kubaini uelekeo na mahali katika ramani?::Alama ya uelekeo wa Kaskazini.||Taja vifaa viwili vya kidijitali vinavyoweza kutumika kubaini uelekeo na mahali.::Ramani za kidijitali na GPS.||Katika Kielelezo namba 1, Darasa la VI likiwa Kaskazini mwa Darasa la V, tunasemaje kwa usahihi?::Darasa la VI liko Kaskazini mwa Darasa la V.||Kwa nini ni muhimu kutambua uelekeo wa vitu kwenye ramani ya shule?::Ili kuwaelekeza wageni au wanafunzi wapya kufika madarasa au maeneo mengine kwa urahisi.",
2023-JSS017-DRS IV,Kumudu stadi za awali za ramani na mfumo wa jua,Kutumia ramani katika maisha ya kila siku,"Kutumia ramani sahili kubaini uelekeo, umbali, na kutoa na kufuata maelekezo",Kutoa na kufuata maelekezo kwa kutumia ramani,5,Mchezo,Kuwaongoza Wanafunzi,Mwanafunzi aweze kutoa na kufuata maelekezo sahihi ya kufika mahali kwa kutumia ramani na pande kuu za dunia.,Kitabu cha mwanafunzi|Ubao|Kielelezo namba 2 (Mtaa wa Songambele),"TET(2023), JIOGRAFIA NA MAZINGIRA, KITABU CHA MWANAFUNZI, DARASA LA NNE, TET, DAR ES SALAAM",Somo hili linamjulisha mwanafunzi kuwa ramani husaidia mtu kutoa maelekezo sahihi kwa mwenzake ya jinsi ya kufika mahali fulani kwa kutumia pande kuu za dunia na majina ya barabara au maeneo yanayoonekana kwenye ramani.,"Mwalimu atawaongoza wanafunzi kuchunguza Kielelezo namba 2 cha Mtaa wa Songambele na kujibu maswali kama vile shule ipo upande gani ukitokea nyumbani kwa Juma, uelekeo wa nyumba ya David kutoka nyumbani kwa Mwajuma, na uelekeo atakaofuata Dereva Masanja kutoka Barabara ya Warioba kwenda mahakamani, kisha wanafunzi wafanye zoezi la kumuelekeza rafiki jinsi ya kufika shuleni akitokea bustani iliyoko Kaskazini mwa Barabara ya Warioba.","Kwa mfano, mwanafunzi anaweza kutoa maelekezo akisema 'Toka nyumbani kwa Juma elekea Kusini kwa umbali mfupi kisha geuka Mashariki utaona shule ya msingi Songambele', akizingatia uelekeo unaoonekana kwenye ramani.","Mwanafunzi anaweza kutumia stadi hii kumwelekeza mgeni aliyefika nyumbani kwao jinsi ya kufika sokoni, kanisani au msikitini kwa kufuata pande sahihi.","Ramani husaidiaje mtu kutoa maelekezo?::Humwezesha mtu kutumia pande kuu za dunia na majina ya maeneo yanayoonekana kwenye ramani kuelekeza njia sahihi.||Katika Kielelezo namba 2, ni nani anayehitaji maelekezo ya kwenda mahakamani?::Dereva Masanja.||Taja jambo moja unaloweza kutumia kutoa maelekezo sahihi ya njia.::Pande kuu za dunia (au majina ya barabara na maeneo yanayoonekana kwenye ramani).||Kwa nini ni muhimu kufuata maelekezo sahihi ya njia?::Ili kufika mahali unapokusudia bila kupotea au kupoteza muda.",
2023-JSS017-DRS IV,Kumudu stadi za awali za ramani na mfumo wa jua,Kutumia ramani katika maisha ya kila siku,"Kutumia ramani sahili kubaini uelekeo, umbali, na kutoa na kufuata maelekezo",Kubaini umbali kwa kutumia ramani,4,Majadiliano,Kuwaongoza Wanafunzi,Mwanafunzi aweze kutaja hatua mbili za kubaini umbali kwa kutumia ramani na kutumia Kielelezo cha ramani kubainisha majengo yaliyo karibu na mbali.,Kitabu cha mwanafunzi|Ubao|Kielelezo namba 3 (Mtaa wa Makuti),"TET(2023), JIOGRAFIA NA MAZINGIRA, KITABU CHA MWANAFUNZI, DARASA LA NNE, TET, DAR ES SALAAM","Somo hili linamjulisha mwanafunzi kuwa umbali kati ya sehemu mbili unaweza kubainika kwa kutumia ramani, ambapo hatua kuu mbili hufuatwa: kupima umbali kwenye ramani, kisha kubadili umbali huo kuwa umbali halisi kwa kutumia skeli.","Mwalimu atawaongoza wanafunzi kujadili Kielelezo namba 3 cha Mtaa wa Makuti kwa kubainisha jengo lililo karibu zaidi na ziwa, jengo lililo karibu na zahanati na ofisi, na jengo lililo mbali zaidi na uwanja wa mpira wa miguu.","Kwa mfano, kwa kutazama tu nafasi kati ya alama za majengo kwenye Kielelezo namba 3 bila hata kupima kwa kifaa, wanafunzi wanaweza kubainisha jengo lililo karibu zaidi na ziwa kwa kulinganisha umbali unaoonekana kwenye ramani.",Mwanafunzi anaweza kutumia ujuzi huu kubainisha ni duka lipi lililo karibu zaidi na nyumbani kwao kwa kuangalia ramani ya mtaa wao.,"Taja hatua mbili za kubaini umbali kwa kutumia ramani.::Kupima umbali kwenye ramani, kisha kubadili umbali huo kuwa umbali halisi kwa kutumia skeli.||Katika Kielelezo namba 3, ni jengo gani liko karibu zaidi na ziwa?::Jengo linaloonekana karibu zaidi na alama ya ziwa katika ramani ya Mtaa wa Makuti.||Kwa nini ni muhimu kubadili umbali wa ramani kuwa umbali halisi?::Ili kujua umbali wa kweli uliopo ardhini kati ya sehemu mbili.||Umbali kwenye ramani hubadilishwaje kuwa umbali halisi?::Kwa kutumia skeli ya ramani.",
2023-JSS017-DRS IV,Kumudu stadi za awali za ramani na mfumo wa jua,Kutumia ramani katika maisha ya kila siku,"Kutumia ramani sahili kubaini uelekeo, umbali, na kutoa na kufuata maelekezo",Kupima umbali ulionyooka kwa kipande cha karatasi,5,Kazi za Vitendo,Kuwaongoza Wanafunzi,Mwanafunzi aweze kupima umbali ulionyooka kati ya vituo viwili kwenye ramani kwa kutumia kipande cha karatasi.,Ramani|Kipande cha karatasi|Penseli|Rula,"TET(2023), JIOGRAFIA NA MAZINGIRA, KITABU CHA MWANAFUNZI, DARASA LA NNE, TET, DAR ES SALAAM","Somo hili linamjulisha mwanafunzi njia ya kupima umbali ulionyooka kwenye ramani kwa kutumia kipande cha karatasi, ambayo ni njia rahisi isiyohitaji kifaa maalumu cha kupimia.","Wanafunzi watafuata hatua nne: kuchora mstari ulionyooka unaounganisha vituo viwili, kulaza ukingo wa karatasi sambamba na mstari huo, kuweka alama kufuata mstari kwenye ukingo wa karatasi, na kisha kubadili umbali huo kuwa umbali halisi kwa kutumia skeli ya mstari au skeli ya uwiano.","Kwa mfano, mwanafunzi anayetaka kupima umbali kati ya shule na kanisa kwenye ramani atachora mstari unaounganisha alama hizo mbili, kulaza karatasi kando ya mstari, kuweka alama pale mstari unapoishia, kisha kutumia skeli kubaini umbali halisi.",Mwanafunzi anaweza kutumia njia hii kupima umbali kati ya nyumbani kwao na shule kwenye ramani ya kijiji chao endapo hawana rula wakati huo.,"Taja hatua ya kwanza ya kupima umbali ulionyooka kwa kipande cha karatasi.::Kuchora mstari ulionyooka unaounganisha vituo viwili.||Baada ya kulaza ukingo wa karatasi sambamba na mstari, hatua inayofuata ni ipi?::Kuweka alama kufuata mstari kwenye ukingo wa karatasi.||Hatua ya mwisho ya kupima umbali kwa njia hii ni ipi?::Kubadili umbali huo kuwa umbali halisi kwa kutumia skeli.||Kwa nini njia ya kipande cha karatasi ni rahisi kutumia?::Kwa sababu haihitaji kifaa maalumu cha kupimia isipokuwa karatasi ya kawaida.",
2023-JSS017-DRS IV,Kumudu stadi za awali za ramani na mfumo wa jua,Kutumia ramani katika maisha ya kila siku,"Kutumia ramani sahili kubaini uelekeo, umbali, na kutoa na kufuata maelekezo",Kupima umbali ulionyooka kwa rula,5,Kazi za Vitendo,Kuwaongoza Wanafunzi,Mwanafunzi aweze kupima umbali ulionyooka kati ya sehemu mbili kwenye ramani kwa kutumia rula na kubadili kwa kutumia skeli.,Ramani ya Gezaulole|Rula|Penseli|Kitabu cha mwanafunzi,"TET(2023), JIOGRAFIA NA MAZINGIRA, KITABU CHA MWANAFUNZI, DARASA LA NNE, TET, DAR ES SALAAM","Somo hili linamjulisha mwanafunzi njia ya kupima umbali ulionyooka kwenye ramani kwa kutumia rula, njia inayotoa usahihi zaidi ikilinganishwa na kipande cha karatasi.","Wanafunzi watafuata hatua nne: kuchora mstari ulionyooka unaounganisha vituo viwili, kulaza rula sambamba na mstari huo, kupima umbali kwa kutumia vipimo vya rula, na kubadili umbali huo kwa kutumia skeli ya ramani, kisha kufanya Kazi ya kufanya namba 5 kwa kutumia Kielelezo namba 12 cha Ramani ya Gezaulole kukokotoa umbali kutoka Kitunda Misioni hadi ofisi ya kijiji, kutoka ofisi ya kijiji hadi ofisi ya kitongoji, na kutoka ofisi ya kitongoji hadi Kitunda Misioni.","Kwa mfano, mwanafunzi atalaza rula kati ya alama ya Kitunda Misioni na ofisi ya kijiji kwenye Kielelezo namba 12, kusoma sentimeta zilizopimwa, kisha kutumia skeli ya ramani kubadili sentimeta hizo kuwa kilometa za umbali halisi.",Mwanafunzi anaweza kutumia rula kupima umbali kati ya darasa lake na ofisi ya mwalimu mkuu kwenye ramani ya shule waliyoichora wenyewe.,"Rula hutumika kufanya nini katika upimaji wa umbali kwenye ramani?::Hutumika kupima urefu wa mstari ulionyooka unaounganisha vituo viwili kwenye ramani.||Katika Kielelezo namba 12, ni umbali gani unaotakiwa kukokotolewa kutoka Kitunda Misioni?::Umbali kutoka Kitunda Misioni hadi ofisi ya kijiji.||Baada ya kupima umbali kwa rula, hatua inayofuata ni ipi?::Kubadili umbali huo kwa kutumia skeli ya ramani.||Kwa nini kutumia rula kunaweza kuwa sahihi zaidi kuliko kipande cha karatasi?::Kwa sababu rula ina vipimo maalumu vinavyowezesha usomaji sahihi wa urefu wa mstari.",
2023-JSS017-DRS IV,Kumudu stadi za awali za ramani na mfumo wa jua,Kutumia ramani katika maisha ya kila siku,"Kutumia ramani sahili kubaini uelekeo, umbali, na kutoa na kufuata maelekezo",Kupima umbali usionyooka kwa uzi na bikari,5,Uchunguzi,Kuwaongoza Wanafunzi,Mwanafunzi aweze kupima umbali usionyooka kwenye ramani kwa kutumia uzi na kwa kutumia bikari.,Ramani ya Ulole|Uzi|Bikari|Kitabu cha mwanafunzi,"TET(2023), JIOGRAFIA NA MAZINGIRA, KITABU CHA MWANAFUNZI, DARASA LA NNE, TET, DAR ES SALAAM","Somo hili linamjulisha mwanafunzi njia mbili za kupima umbali usionyooka kwenye ramani, kama vile njia ya mto au barabara inayopinda, ambazo ni njia ya kutumia uzi na njia ya kutumia bikari.","Kwa njia ya uzi, wanafunzi watagawa umbali katika vipande vifupivifupi, kulaza uzi kufuata mkondo wa mstari, kuweka alama kwenye uzi, kisha kubadili kwa skeli. Kwa njia ya bikari, watagawa umbali katika vipande vifupivifupi, kupima kila kipande kwa bikari, kujumlisha vipimo vyote, kisha kubadili kwa skeli. Wanafunzi watafanya Kazi ya kufanya namba 6 kwa kutumia Kielelezo namba 20 cha Ramani ya Ulole kukokotoa umbali kutoka Kilimani hadi Hekima kwa uzi, urefu wa reli kwa kipande cha karatasi, na urefu wa Mto Bariadi kwa bikari.","Kwa mfano, kwenye Kielelezo namba 20, mwanafunzi atalaza uzi ufuatao mkondo wa Mto Bariadi kutoka kilele cha mlima hadi Ziwa Gagadi, kisha kunyoosha uzi huo na kuupima kwa rula ili kupata urefu wa mto huo kwa skeli.",Mwanafunzi anaweza kutumia uzi kupima urefu wa njia inayopinda kati ya nyumbani kwao na kisima cha maji kwenye ramani sahili waliyoichora ya mtaa wao.,"Taja njia mbili za kupima umbali usionyooka kwenye ramani.::Njia ya kutumia uzi na njia ya kutumia bikari.||Katika njia ya bikari, baada ya kupima kila kipande, hatua inayofuata ni ipi?::Kujumlisha umbali wa vipande vyote.||Kielelezo namba 20 kinaonesha ramani ipi?::Ramani ya Ulole.||Kwa nini njia ya uzi au bikari hutumika badala ya rula kwa mstari usionyooka?::Kwa sababu rula haiwezi kufuata mkondo unaopinda wa mstari usionyooka.",
2023-JSS017-DRS IV,Kumudu stadi za awali za ramani na mfumo wa jua,Kutumia ramani katika maisha ya kila siku,"Kutumia ramani sahili kubaini uelekeo, umbali, na kutoa na kufuata maelekezo",Kupima umbali kidijitali kwa Google My Maps,5,Onyeshombinu,Kuwaongoza Wanafunzi,Mwanafunzi aweze kufuata hatua za kupima umbali kati ya sehemu mbili kwa kutumia programu ya Google My Maps.,Simujanja au kompyuta|Mtandao wa intaneti|Kielelezo namba 21-25 (hatua za kupima umbali kidijitali),"TET(2023), JIOGRAFIA NA MAZINGIRA, KITABU CHA MWANAFUNZI, DARASA LA NNE, TET, DAR ES SALAAM",Somo hili linamjulisha mwanafunzi kuwa umbali kati ya sehemu mbili unaweza kupimwa kidijitali kwa kutumia programu ya Google My Maps badala ya kutumia rula au uzi kwenye karatasi.,"Mwalimu atawaonyesha wanafunzi hatua za kupima umbali kidijitali: kufungua tovuti ya Google na kutafuta 'Google My Maps', kutafuta eneo linalotakiwa kupimwa umbali, kuchagua alama ya rula, kubofya alama ya kwanza na kuendelea kupima kwa kufuata njia husika, na kubofya mara mbili kumaliza kipimo.","Kwa mfano, mwanafunzi anayetaka kupima umbali kutoka shuleni hadi sokoni kwa njia ya kidijitali atatafuta maeneo hayo mawili kwenye programu, kuchagua alama ya rula kisha kubofya kwenye shule na kufuata njia hadi sokoni ili kupata umbali kwa kilometa.",Mwanafunzi mwenye simujanja anaweza kutumia programu ya Google My Maps kupima umbali kati ya nyumbani kwao na hospitali ya wilaya wanapohitaji kujua muda watakaotumia kufika huko.,"Ni programu gani inaweza kutumika kupima umbali kwenye ramani kidijitali?::Google My Maps.||Baada ya kufungua programu, ni alama gani huchaguliwa kupima umbali?::Alama ya rula.||Upimaji wa umbali kidijitali humalizikaje?::Kwa kubofya mara mbili baada ya kufuata njia husika.||Kwa nini kupima umbali kidijitali ni njia rahisi zaidi ikilinganishwa na uzi au bikari?::Kwa sababu programu hukokotoa umbali moja kwa moja bila mahitaji ya kubadili kwa skeli kwa mkono.",
2023-JSS017-DRS IV,Kumudu stadi za awali za ramani na mfumo wa jua,Kutumia ramani katika maisha ya kila siku,"Kutumia ramani kuonesha mipaka ya kiutawala (Mikoa) na sura ya nchi (milima, mabonde, mito na maziwa makuu, na bahari)",Kutumia ramani kubaini mipaka ya kiutawala,6,Uchunguzi,Kuwaongoza Wanafunzi,Mwanafunzi aweze kutaja mambo matatu ya kuzingatia wakati wa kubaini mipaka ya kiutawala kwa kutumia ramani na kubainisha mipaka hiyo katika ramani halisi.,Kitabu cha mwanafunzi|Ubao|Kielelezo namba 26 (Wilaya ya Kasulu)|Kielelezo namba 27 (Mkoa wa Mtwara),"TET(2023), JIOGRAFIA NA MAZINGIRA, KITABU CHA MWANAFUNZI, DARASA LA NNE, TET, DAR ES SALAAM","Somo hili linamjulisha mwanafunzi kuwa mipaka ya kiutawala kama mikoa na wilaya inaweza kubainika kwenye ramani kwa kuzingatia mambo matatu: kuchagua ramani sahihi, kutambua chanzo cha taarifa kinachoaminika, na kutambua alama na ishara zilizotumika kama mistari yenye unene, umbo au rangi tofauti.","Mwalimu atawaongoza wanafunzi kuchunguza Kielelezo namba 26 cha Wilaya ya Kasulu ili kubaini wilaya zinazopakana nayo kwa pande mbalimbali, mpaka unaotenganisha Hifadhi ya Wanyamapori ya Moyowosi na Msitu wa Makere, na mipaka ya kata za Kitaga na Kwaga, kisha kutumia Kielelezo namba 27 cha Mkoa wa Mtwara kubainisha mipaka ya kiutawala iliyowasilishwa na tofauti kati ya mipaka ya mkoa na mipaka ya wilaya.","Kwa mfano, katika Kielelezo namba 26, mwanafunzi anaweza kubainisha kuwa Wilaya ya Kasulu inapakana na wilaya nyingine upande wa Magharibi kwa kutumia mistari ya mpaka iliyoainishwa kwenye ramani.",Mwanafunzi anaweza kutumia ramani ya mkoa wake kubaini wilaya zinazopakana na wilaya wanayoishi ili kufahamu vizuri eneo lao la kiutawala.,"Taja mambo matatu ya kuzingatia ili kubaini mipaka ya kiutawala kwa usahihi kwenye ramani.::Kuchagua ramani sahihi, kutambua chanzo cha taarifa kinachoaminika, na kutambua alama na ishara zilizotumika.||Katika Kielelezo namba 26, ramani inayoonesha nini?::Wilaya ya Kasulu na mipaka yake.||Eleza tofauti moja ya mipaka ya mkoa na mipaka ya wilaya.::Mipaka ya mkoa huzunguka eneo kubwa lenye wilaya kadhaa, wakati mipaka ya wilaya huzunguka eneo dogo zaidi ndani ya mkoa.||Mipaka ya kiutawala kwenye ramani hutambulikaje?::Kwa kutumia alama na ishara kama mistari yenye unene, umbo au rangi tofauti.",
2023-JSS017-DRS IV,Kumudu stadi za awali za ramani na mfumo wa jua,Kutumia ramani katika maisha ya kila siku,"Kutumia ramani kuonesha mipaka ya kiutawala (Mikoa) na sura ya nchi (milima, mabonde, mito na maziwa makuu, na bahari)",Kutumia ramani kubaini milima,5,Majadiliano,Kuwaongoza Wanafunzi,Mwanafunzi aweze kueleza jinsi milima inavyooneshwa kwenye ramani na kubainisha milima katika ramani halisi.,Kitabu cha mwanafunzi|Ubao|Kielelezo namba 28 (Sura ya nchi Wilaya ya Karatu),"TET(2023), JIOGRAFIA NA MAZINGIRA, KITABU CHA MWANAFUNZI, DARASA LA NNE, TET, DAR ES SALAAM","Somo hili linamjulisha mwanafunzi kuwa milima na vilima huoneshwa kwenye ramani kwa kutumia rangi ya kahawia au nyekundu, au kwa mistari ya kontua iliyokaribiana inayoonesha mwinuko mkali.","Mwalimu atawaongoza wanafunzi kujadili Kielelezo namba 28 cha sura ya nchi katika Wilaya ya Karatu ili kubaini maumbo ya milima yaliyomo, alama zilizotumika kuwakilisha maumbo hayo, na shughuli za kiuchumi zinazoweza kufanyika maeneo ya milima kama vile kilimo cha mabondeni na ufugaji.","Kwa mfano, katika Kielelezo namba 28, eneo lenye rangi ya kahawia na mistari ya kontua iliyokaribiana sana litabainishwa na wanafunzi kuwa ni mlima wenye mwinuko mkali.",Mwanafunzi anayeishi karibu na eneo lenye milima anaweza kutambua eneo hilo kwenye ramani ya wilaya yake kwa kuangalia rangi ya kahawia iliyotumika kuliwakilisha.,"Milima huoneshwaje kwenye ramani?::Huoneshwa kwa rangi ya kahawia au nyekundu, au mistari ya kontua iliyokaribiana.||Mistari ya kontua iliyokaribiana sana huonesha nini?::Huonesha mwinuko mkali wa mlima.||Kielelezo namba 28 kinaonesha sura ya nchi ya wilaya ipi?::Wilaya ya Karatu.||Taja shughuli moja ya kiuchumi inayoweza kufanyika maeneo ya milimani.::Kilimo (au ufugaji, utalii).",
2023-JSS017-DRS IV,Kumudu stadi za awali za ramani na mfumo wa jua,Kutumia ramani katika maisha ya kila siku,"Kutumia ramani kuonesha mipaka ya kiutawala (Mikoa) na sura ya nchi (milima, mabonde, mito na maziwa makuu, na bahari)",Kutumia ramani kubaini mabonde,5,Majadiliano,Kuwaongoza Wanafunzi,Mwanafunzi aweze kueleza jinsi mabonde yanavyooneshwa kwenye ramani na kuyatofautisha na maeneo tambarare na uwanda wa juu.,Kitabu cha mwanafunzi|Ubao|Kielelezo namba 28 (Sura ya nchi Wilaya ya Karatu),"TET(2023), JIOGRAFIA NA MAZINGIRA, KITABU CHA MWANAFUNZI, DARASA LA NNE, TET, DAR ES SALAAM","Somo hili linamjulisha mwanafunzi kuwa mabonde huoneshwa kwenye ramani kwa rangi ya kijani au mistari ya kontua iliyopinda kuelekea ndani, tofauti na maeneo tambarare yanayooneshwa kwa mistari ya kontua iliyosambaa, na uwanda wa juu unaooneshwa kwa rangi ya kahawia na mistari ya kontua iliyokaribiana pembeni na iliyosambaa juu.","Mwalimu atawaongoza wanafunzi kutazama tena Kielelezo namba 28 na kubainisha maeneo yenye bonde kwa kuangalia mistari ya kontua iliyopinda kuelekea ndani, kisha kujadili shughuli za kiuchumi zinazofanyika mabondeni kama kilimo cha umwagiliaji kutokana na udongo wenye rutuba.","Kwa mfano, eneo lenye mistari ya kontua iliyopinda ndani kuzunguka sehemu ya chini kabisa katika Kielelezo namba 28 litabainishwa kuwa ni bonde, tofauti na eneo tambarare lenye mistari iliyosambaa bila kupindana.",Mwanafunzi anayeishi karibu na bonge la mto anaweza kutambua eneo hilo kwenye ramani ya eneo lao kwa kuangalia rangi ya kijani na mistari ya kontua iliyopinda ndani.,Mabonde huoneshwaje kwenye ramani?::Huoneshwa kwa rangi ya kijani au mistari ya kontua iliyopinda kuelekea ndani.||Maeneo tambarare huoneshwa kwa alama gani kwenye ramani?::Mistari ya kontua iliyosambaa.||Uwanda wa juu huoneshwa kwa rangi gani na alama gani?::Rangi ya kahawia na mistari ya kontua iliyokaribiana pembeni na iliyosambaa juu.||Taja shughuli moja ya kiuchumi inayofanyika mabondeni.::Kilimo cha umwagiliaji kutokana na udongo wenye rutuba.,
2023-JSS017-DRS IV,Kumudu stadi za awali za ramani na mfumo wa jua,Kutumia ramani katika maisha ya kila siku,"Kutumia ramani kuonesha mipaka ya kiutawala (Mikoa) na sura ya nchi (milima, mabonde, mito na maziwa makuu, na bahari)",Kutumia ramani kubaini mito na maziwa makuu,6,Uchunguzi,Kuwaongoza Wanafunzi,Mwanafunzi aweze kueleza rangi inayowakilisha vyanzo vya maji kwenye ramani na kutaja angalau maziwa makuu matatu ya Tanzania yanavyooneshwa kwenye ramani.,Kitabu cha mwanafunzi|Ramani ya Tanzania|Rangi ya bluu,"TET(2023), JIOGRAFIA NA MAZINGIRA, KITABU CHA MWANAFUNZI, DARASA LA NNE, TET, DAR ES SALAAM","Somo hili linamjulisha mwanafunzi kuwa rangi ya bluu kwenye ramani mara nyingi huwakilisha vyanzo vya maji kama mito na maziwa, jambo linalowawezesha watumiaji wa ramani kutambua haraka maeneo yenye maji.","Mwalimu atawaongoza wanafunzi kutazama ramani ya Tanzania waliyoichora awali na kubainisha maziwa makuu yaliyowekwa alama ya bluu, ambayo ni Ziwa Victoria upande wa Kaskazini-Magharibi, Ziwa Tanganyika upande wa Magharibi, na Ziwa Nyasa upande wa Kusini, kisha kujadili jinsi mito nayo inavyooneshwa kwa mistari myembamba ya bluu inayounganisha maeneo mbalimbali.","Kwa mfano, kwenye ramani ya Tanzania iliyochorwa katika Kazi ya kufanya namba 8, Ziwa Victoria linaonekana kama eneo kubwa la bluu upande wa Kaskazini-Magharibi mwa nchi, likiwa limezungukwa na mistari myembamba inayowakilisha mito inayoingia ndani yake.",Mwanafunzi anayeishi karibu na ziwa au mto anaweza kutambua eneo hilo kwenye ramani ya nchi kwa kuangalia rangi ya bluu iliyotumika kuliwakilisha.,"Rangi gani mara nyingi huwakilisha vyanzo vya maji kwenye ramani?::Rangi ya bluu.||Taja maziwa makuu matatu ya Tanzania yanayooneshwa kwenye ramani.::Ziwa Victoria, Ziwa Tanganyika na Ziwa Nyasa.||Ziwa Victoria lipo upande gani wa ramani ya Tanzania?::Kaskazini-Magharibi.||Mito huoneshwaje kwenye ramani ikilinganishwa na maziwa?::Huoneshwa kwa mistari myembamba ya bluu, tofauti na maziwa yanayoonekana kama maeneo makubwa ya bluu.",
2023-JSS017-DRS IV,Kumudu stadi za awali za ramani na mfumo wa jua,Kutumia ramani katika maisha ya kila siku,"Kutumia ramani kuonesha mipaka ya kiutawala (Mikoa) na sura ya nchi (milima, mabonde, mito na maziwa makuu, na bahari)",Kutumia ramani kubaini bahari,5,Bunguabongo,Kuwaongoza Wanafunzi,Mwanafunzi aweze kubainisha Bahari ya Hindi kwenye ramani ya Tanzania na kueleza umuhimu wa kuitambua kwenye ramani.,Kitabu cha mwanafunzi|Ramani ya Tanzania|Rangi ya bluu,"TET(2023), JIOGRAFIA NA MAZINGIRA, KITABU CHA MWANAFUNZI, DARASA LA NNE, TET, DAR ES SALAAM","Somo hili linamjulisha mwanafunzi kuwa Bahari ya Hindi inapatikana upande wa Mashariki mwa Tanzania na huoneshwa kwenye ramani kwa rangi ya bluu, kama sehemu kubwa ya vyanzo vya maji vinavyopakana na nchi.","Mwalimu atawaongoza wanafunzi kwa njia ya bunguabongo kutaja umuhimu wa kutambua bahari kwenye ramani, ikiwemo kufahamu njia za usafiri wa majini, maeneo ya bandari, shughuli za uvuvi, na mahali visiwa vya Unguja, Pemba na Mafia vilipo karibu na bahari hiyo.","Kwa mfano, kwenye ramani ya Tanzania iliyochorwa awali, Bahari ya Hindi inaonekana upande wa Mashariki ikiwa imezunguka visiwa vya Unguja, Pemba na Mafia, na eneo hilo la bluu ni kubwa kuliko maziwa yaliyopo ndani ya nchi.",Mwanafunzi anayeishi karibu na Pwani anaweza kutambua umuhimu wa Bahari ya Hindi kwa kuona shughuli za uvuvi na usafiri wa meli zinazofanyika karibu na eneo lao.,"Bahari ya Hindi ipo upande gani wa Tanzania?::Upande wa Mashariki.||Bahari huoneshwaje kwenye ramani?::Kwa rangi ya bluu.||Taja umuhimu mmoja wa kutambua bahari kwenye ramani.::Kufahamu njia za usafiri wa majini (au maeneo ya bandari, shughuli za uvuvi).||Taja visiwa vitatu vilivyopo karibu na Bahari ya Hindi upande wa Tanzania.::Unguja, Pemba na Mafia.",
2023-JSS017-DRS IV,Kumudu stadi za awali za ramani na mfumo wa jua,Kutumia ramani katika maisha ya kila siku,"Kutumia ramani kuonesha mipaka ya kiutawala (Mikoa) na sura ya nchi (milima, mabonde, mito na maziwa makuu, na bahari)",Muhtasari wa kutumia ramani kubaini maumbo ya sura ya nchi,6,Kazi za Vitendo,Kuwaongoza Wanafunzi,Mwanafunzi aweze kutumia ramani ya Tanzania kubainisha kwa pamoja mipaka ya kiutawala na maumbo yote ya sura ya nchi yaliyojifunza.,Ramani ya Tanzania|Kielelezo namba 30 (Ramani ya Tanzania mipaka ya kiutawala)|Rangi|Kitabu cha mwanafunzi,"TET(2023), JIOGRAFIA NA MAZINGIRA, KITABU CHA MWANAFUNZI, DARASA LA NNE, TET, DAR ES SALAAM","Somo hili linamjumuisha mwanafunzi kutumia maarifa yote aliyojifunza kuhusu kubaini mipaka ya kiutawala na maumbo ya sura ya nchi kama milima, mabonde, mito, maziwa makuu na bahari, katika zoezi moja la jumla la kusoma ramani.","Mwalimu atawaongoza wanafunzi kufanya zoezi la vitendo kwa kutumia Kielelezo namba 30 cha Ramani ya Tanzania inayoonesha mipaka ya kiutawala, ambapo watabainisha mkoa wa Mtwara ulipo, mikoa inayopakana na Mkoa wa Dodoma kwa pande nne, mikoa inayopakana na Ziwa Tanganyika, ziwa lililopo Kusini mwa Tanzania, mahali Ziwa Victoria lilipo, mkoa wenye makao makuu ya nchi, na kile kinachopakana na Tanzania upande wa Mashariki.","Kwa mfano, wanafunzi watatazama Kielelezo namba 30 na kubainisha kuwa Ziwa Nyasa lipo Kusini mwa Tanzania, Ziwa Victoria lipo Kaskazini-Magharibi, na Bahari ya Hindi inapakana na Tanzania upande wa Mashariki, huku wakieleza pia mikoa inayozunguka Mkoa wa Dodoma.",Mwanafunzi anaweza kutumia stadi hii kusoma ramani yoyote ya Tanzania anayokutana nayo vitabuni au shuleni na kueleza kwa usahihi mipaka na sura ya nchi ya eneo analotaka kufahamu.,"Katika Kielelezo namba 30, Mkoa wa Mtwara upo upande gani wa Tanzania?::Upande wa Kusini-Mashariki (Kusini mwa Tanzania karibu na pwani).||Ni ziwa gani linapatikana Kusini mwa Tanzania?::Ziwa Nyasa.||Ziwa Victoria lipo upande gani wa Tanzania?::Kaskazini-Magharibi.||Tanzania imepakana na nini upande wa Mashariki?::Bahari ya Hindi.",
