subject_version_code,main_competence_name,specific_competence_name,learning_activity_name,la_periods
2023-JSS014-Kidato I,Manage information search from different sources for lifelong learning,Use ICT tools to search for information from different sources,"Familiarise with various types of search engines (e.g., Google, Google Scholar, Bing)",9
2023-JSS014-Kidato I,Manage information search from different sources for lifelong learning,Use ICT tools to search for information from different sources,"Utilise ICT tools to search for general information (e.g., books, journals)",9
2023-JSS014-Kidato I,Demonstrate mastery of English language skills,Develop listening skills,Answer questions based on information from presentations/tasks,4
2023-JSS014-Kidato I,Demonstrate mastery of English language skills,Develop listening skills,Practise pronunciation of words from oral and audio/audio-visual sources,4
2023-JSS014-Kidato I,Demonstrate mastery of English language skills,Develop listening skills,Write words heard from oral and audio/audio-visual sources,4
2023-JSS014-Kidato I,Demonstrate mastery of English language skills,Develop listening skills,Reproduce messages from oral presentations,3
2023-JSS014-Kidato I,Demonstrate mastery of English language skills,Produce short and coherent oral messages with intelligible pronunciation and fluency,Distinguish words with minimal sound distinctions that have different meanings (cut/cat; paper/pepper; date/debt),4
2023-JSS014-Kidato I,Demonstrate mastery of English language skills,Produce short and coherent oral messages with intelligible pronunciation and fluency,Practise pronunciation with proper word stress assignment,4
2023-JSS014-Kidato I,Demonstrate mastery of English language skills,Produce short and coherent oral messages with intelligible pronunciation and fluency,"Practise pronunciation of words with short and long vowels (e.g., sit/seat, hit/heat, pot/port)",4
2023-JSS014-Kidato I,Demonstrate mastery of English language skills,Produce short and coherent oral messages with intelligible pronunciation and fluency,"Practise pronunciation of unfamiliar sounds (e.g., through the use of tongue twisters, songs, poems)",3
2023-JSS014-Kidato I,Demonstrate mastery of English language skills,Produce short and coherent oral messages with intelligible pronunciation and fluency,"Practise pronunciation of words with similar sounds that have different spellings (e.g., one/won, ewe/you)",3
2023-JSS014-Kidato I,Demonstrate mastery of English language skills,Develop vocabulary from conversations and written texts,"Write new vocabulary from conversations and written texts on particular topics (e.g., politics, sports, tourism, agriculture)",7
2023-JSS014-Kidato I,Demonstrate mastery of English language skills,Develop vocabulary from conversations and written texts,Construct sentences using vocabulary acquired from conversations and written texts,6
2023-JSS014-Kidato I,Demonstrate mastery of English language skills,Develop vocabulary from conversations and written texts,"Play vocabulary building games using digital and non-digital resources (e.g., word board games, charades, picture games, flash cards)",6
2023-JSS014-Kidato I,Demonstrate mastery of English language skills,Use appropriate grammar and vocabulary in oral and in written language tasks,"Express ideas or opinions in contextualised oral and written language tasks using proper grammar and vocabulary (e.g hospital, market, library, bus stop, sport and games)",6
2023-JSS014-Kidato I,Demonstrate mastery of English language skills,Use appropriate grammar and vocabulary in oral and in written language tasks,"Construct sentences using appropriate grammar and vocabulary relating to a specific context (structure: tenses – simple past, simple present, articles, present progressive, pronouns, coordinators, prepositions, adjectives, adverbs)",5
2023-JSS014-Kidato I,Demonstrate mastery of English language skills,Use appropriate grammar and vocabulary in oral and in written language tasks,Debate on topics using proper grammar and vocabulary,5
2023-JSS014-Kidato I,Comprehend oral and written information,Read texts for comprehension,Sequence the order of events in stories,6
2023-JSS014-Kidato I,Comprehend oral and written information,Read texts for comprehension,Make a summary of stories,6
2023-JSS014-Kidato I,Comprehend oral and written information,Read texts for comprehension,Retell stories,6
2023-JSS014-Kidato I,Comprehend oral and written information,Comprehend oral messages with increasing difficulty,Paraphrase various oral messages from different contexts,6
2023-JSS014-Kidato I,Comprehend oral and written information,Comprehend oral messages with increasing difficulty,Respond to oral messages from different contexts,5
2023-JSS014-Kidato I,Comprehend oral and written information,Comprehend oral messages with increasing difficulty,Respond to questions about oral messages,5
2023-JSS014-Kidato I,Comprehend oral and written information,Respond appropriately in a variety of oral and written communication contexts,"Express ideas and opinions in different interpersonal communication settings (e.g., I think…, I guess…, In my opinion…, I would say …)",5
2023-JSS014-Kidato I,Comprehend oral and written information,Respond appropriately in a variety of oral and written communication contexts,Use appropriate non-verbal cues in interpersonal communication,5
2023-JSS014-Kidato I,Comprehend oral and written information,Respond appropriately in a variety of oral and written communication contexts,"Use proper grammar and vocabulary in different interpersonal communication contexts (e.g., greetings, biding farewell, apologising)",5
2023-JSS014-Kidato I,Comprehend oral and written information,Respond appropriately in a variety of oral and written communication contexts,"Use appropriate language and expressions in communicating with people of different age groups and statuses (e.g., peers, elders, family members, leaders)",4
2023-JSS014-Kidato I,Communicate effectively in different contexts,Use appropriate grammar and vocabulary for oral communication in a variety of contexts,Express daily routines (structure: present simple),4
2023-JSS014-Kidato I,Communicate effectively in different contexts,Use appropriate grammar and vocabulary for oral communication in a variety of contexts,Express ongoing activities (structure: present progressive),4
2023-JSS014-Kidato I,Communicate effectively in different contexts,Use appropriate grammar and vocabulary for oral communication in a variety of contexts,Express family relationship and occupations (structure: present simple+progressive),4
2023-JSS014-Kidato I,Communicate effectively in different contexts,Use appropriate grammar and vocabulary for oral communication in a variety of contexts,"Express ownership/possession (structure: have/has in present simple and had in past simple, apostrophe, possessive pronouns)",3
2023-JSS014-Kidato I,Communicate effectively in different contexts,Use appropriate grammar and vocabulary for oral communication in a variety of contexts,Give directions,3
2023-JSS014-Kidato I,Communicate effectively in different contexts,Create a variety of texts for different communicative purposes using the appropriate tone and register,"Recognise the main stages of writing texts (e.g., pre-writing, drafting, revising, editing)",5
2023-JSS014-Kidato I,Communicate effectively in different contexts,Create a variety of texts for different communicative purposes using the appropriate tone and register,"Write a variety of friendly letters and invitations (vocabulary: Dear Father/Uncle, Dear Mother/Aunt, Mr/Mrs…, Dr./Prof./Madam/Ms …)",5
2023-JSS014-Kidato I,Communicate effectively in different contexts,Create a variety of texts for different communicative purposes using the appropriate tone and register,"Create dialogues on various topics (e.g., the value of education, environment, culture, gender equality)",4
2023-JSS014-Kidato I,Communicate effectively in different contexts,Create a variety of texts for different communicative purposes using the appropriate tone and register,Create and express orally daily and weekly timetables for routines,4
2023-JSS014-Kidato II,Demonstrate mastery of English language skills,Develop listening skills,"Participate in various conversations in different communicative settings (e.g., peer discussions, storytelling)",5
2023-JSS014-Kidato II,Demonstrate mastery of English language skills,Develop listening skills,Summarise information from oral presentations and audio/audio-visual sources,5
2023-JSS014-Kidato II,Demonstrate mastery of English language skills,Develop listening skills,Paraphrase information presented orally,5
2023-JSS014-Kidato II,Demonstrate mastery of English language skills,Produce short and coherent oral messages with intelligible pronunciation and fluency,Construct sentences with proper intonation,8
2023-JSS014-Kidato II,Demonstrate mastery of English language skills,Produce short and coherent oral messages with intelligible pronunciation and fluency,"Use cohesive devices to deliver oral presentations of events (e.g., first of all, moreover, but, however, yet, in contrast, although, otherwise, still, on the contrary, on the other hand)",8
2023-JSS014-Kidato II,Demonstrate mastery of English language skills,Develop vocabulary from conversations and written texts,Recognise words with opposite meanings from conversations and written texts,7
2023-JSS014-Kidato II,Demonstrate mastery of English language skills,Develop vocabulary from conversations and written texts,"Use words from conversations and written texts to produce new vocabulary by attaching suffixes and prefixes (e.g., kind-unkind; slow-slowly)",6
2023-JSS014-Kidato II,Demonstrate mastery of English language skills,Use appropriate grammar and vocabulary in oral and in written language tasks,Produce contextualised oral and written descriptions based on personal experience,8
2023-JSS014-Kidato II,Demonstrate mastery of English language skills,Use appropriate grammar and vocabulary in oral and in written language tasks,"Compose passages on specific contexts (structure: tenses –past progressive, present perfect, past perfect, present progressive, adjectives, adverbs, coordinators, prepositions, determiners, conjunctions)",8
2023-JSS014-Kidato II,Demonstrate mastery of English language skills,Use appropriate grammar and vocabulary in oral and in written language tasks,Present messages in formal discussions on various issues using correct grammar and vocabulary,7
2023-JSS014-Kidato II,Comprehend oral and written information,Read texts for comprehension,Express the main ideas from a text,4
2023-JSS014-Kidato II,Comprehend oral and written information,Read texts for comprehension,Infer meanings of unfamiliar words and idiomatic expressions from a given text,4
2023-JSS014-Kidato II,Comprehend oral and written information,Read texts for comprehension,Relate the core messages from a text to real life experiences,3
2023-JSS014-Kidato II,Comprehend oral and written information,Comprehend oral messages with increasing difficulty,Synthesise ideas from a variety of oral sources,6
2023-JSS014-Kidato II,Comprehend oral and written information,Comprehend oral messages with increasing difficulty,Summarise information from a variety of oral sources,5
2023-JSS014-Kidato II,Comprehend oral and written information,Comprehend oral messages with increasing difficulty,Participate in contextualised oral conversations,5
2023-JSS014-Kidato II,Comprehend oral and written information,Respond appropriately in a variety of oral and written communication contexts,"Express ideas and opinions in different group communicative settings (differing, counter-arguing, supporting ideas)",5
2023-JSS014-Kidato II,Comprehend oral and written information,Respond appropriately in a variety of oral and written communication contexts,Use appropriate non-verbal cues in group communication,4
2023-JSS014-Kidato II,Comprehend oral and written information,Respond appropriately in a variety of oral and written communication contexts,"Use appropriate language to respond to messages in online group communicative contexts (e.g., WhatsApp, Telegram)",4
2023-JSS014-Kidato II,Communicate effectively in different contexts,Use appropriate grammar and vocabulary for oral communication in a variety of contexts,"Describe various locations (structure: prepositions, adjectives, adverbs)",4
2023-JSS014-Kidato II,Communicate effectively in different contexts,Use appropriate grammar and vocabulary for oral communication in a variety of contexts,"Express quality and quantity of objects and living organisms (structure: adjectives, quantifiers, adverbs)",4
2023-JSS014-Kidato II,Communicate effectively in different contexts,Use appropriate grammar and vocabulary for oral communication in a variety of contexts,"Negotiate prices using appropriate expressions (e.g., convincing a customer to buy a product, convincing a seller to lower the price) (Structure: May I…, I would like…, could you …, I offer you…)",4
2023-JSS014-Kidato II,Communicate effectively in different contexts,Use appropriate grammar and vocabulary for oral communication in a variety of contexts,Request for services in different contexts,4
2023-JSS014-Kidato II,Communicate effectively in different contexts,Use appropriate grammar and vocabulary for oral communication in a variety of contexts,"Participate in various conversations in different contexts (e.g., discussions, dialogues) by initiating, intervening, changing a topic, turn-taking and closing",4
2023-JSS014-Kidato II,Communicate effectively in different contexts,Create a variety of texts for different communicative purposes using the appropriate tone and register,"Write claim and request letters in different contexts (e.g., learning facilities, sports gear, result report – Structure: I would like to bring your kind attention… I am writing to request…)",7
2023-JSS014-Kidato II,Communicate effectively in different contexts,Create a variety of texts for different communicative purposes using the appropriate tone and register,Compose E-mails on various issues using appropriate language,7
2023-JSS014-Kidato II,Communicate effectively in different contexts,Create a variety of texts for different communicative purposes using the appropriate tone and register,"Create short stories on various topics (structure: once upon a time…, I wonder…, what if…, back in time…)",7
2023-JSS014-Kidato III,Manage information search from different sources for lifelong learning,Organise information obtained from different sources,Identify different ways/strategies for organising information from various sources,3
2023-JSS014-Kidato III,Manage information search from different sources for lifelong learning,Organise information obtained from different sources,Sort and categorise information obtained from various sources into related themes,3
2023-JSS014-Kidato III,Manage information search from different sources for lifelong learning,Organise information obtained from different sources,Compile information searched from various sources,2
2023-JSS014-Kidato III,Demonstrate mastery of English language skills,Use appropriate grammar and vocabulary in oral and in written language tasks,"Hold conversations about various contexts using appropriate grammar and vocabulary (structure: tenses, adverbs, adjectives, active and passive voice, conjunctions, coordinators, prepositions)",7
2023-JSS014-Kidato III,Demonstrate mastery of English language skills,Use appropriate grammar and vocabulary in oral and in written language tasks,"Compose stories using proper grammar and vocabulary (structure: tenses, adverbs, adjectives, active and passive voice, conjunctions, coordinators, prepositions)",7
2023-JSS014-Kidato III,Demonstrate mastery of English language skills,Use appropriate grammar and vocabulary in oral and in written language tasks,"Describe events (e.g., general elections, state funerals, world cup) using correct grammar and vocabulary",6
2023-JSS014-Kidato III,Comprehend oral and written information,Read texts for comprehension,Distinguish facts from opinions within a given text,3
2023-JSS014-Kidato III,Comprehend oral and written information,Read texts for comprehension,Express connotative meanings of words in relation to a text,3
2023-JSS014-Kidato III,Comprehend oral and written information,Read texts for comprehension,Paraphrase a given text,3
2023-JSS014-Kidato III,Comprehend oral and written information,Comprehend oral messages with increasing difficulty,Discuss information from various oral sources,3
2023-JSS014-Kidato III,Comprehend oral and written information,Comprehend oral messages with increasing difficulty,Respond to various oral messages,2
2023-JSS014-Kidato III,Comprehend oral and written information,Comprehend oral messages with increasing difficulty,Make comments on oral messages,2
2023-JSS014-Kidato III,Comprehend oral and written information,Respond appropriately in a variety of oral and written communication contexts,"Express ideas, opinions and facts in mass communication contexts",3
2023-JSS014-Kidato III,Comprehend oral and written information,Respond appropriately in a variety of oral and written communication contexts,Use and interpret appropriate non-verbal cues in mass communication,2
2023-JSS014-Kidato III,Comprehend oral and written information,Respond appropriately in a variety of oral and written communication contexts,"Use appropriate language to respond to contextualised public messages (e.g., responding to criticism, accomplishment)",2
2023-JSS014-Kidato III,Comprehend oral and written information,Respond appropriately in a variety of oral and written communication contexts,"Use appropriate language in public communication settings, (e.g., interviews, presentations)",2
2023-JSS014-Kidato III,Comprehend oral and written information,Respond appropriately in a variety of oral and written communication contexts,Express appreciation of other people's ideas in public communication,2
2023-JSS014-Kidato III,Comprehend oral and written information,Respond appropriately in a variety of oral and written communication contexts,Evaluate information received through mass communication,2
2023-JSS014-Kidato III,Comprehend oral and written information,Construct meaning from a variety of texts,Compare ideas from various texts,4
2023-JSS014-Kidato III,Comprehend oral and written information,Construct meaning from a variety of texts,Read and generate meanings from a variety of texts,3
2023-JSS014-Kidato III,Comprehend oral and written information,Construct meaning from a variety of texts,Infer meanings of unfamiliar words from a variety of texts,3
2023-JSS014-Kidato III,Comprehend oral and written information,Construct meaning from a variety of texts,Paraphrase textual information from multiple sources,3
2023-JSS014-Kidato III,Communicate effectively in different contexts,Use appropriate grammar and vocabulary for oral communication in a variety of contexts,"Express opinions through debates, dialogues and impromptu speeches using formulaic language (e.g., In my opinion…, personally…, I think …, I would say…, In my view…, from my perspective…, My point is…, It seems to me that…, I believe…)",4
2023-JSS014-Kidato III,Communicate effectively in different contexts,Use appropriate grammar and vocabulary for oral communication in a variety of contexts,"Present facts logically using appropriate formulaic language (e.g., due to the fact that…, it is true that…, the bottom line is…, the reality is…, in fact…actually…according to…)",3
2023-JSS014-Kidato III,Communicate effectively in different contexts,Use appropriate grammar and vocabulary for oral communication in a variety of contexts,Describe conditions about various situations and circumstances (structure: conditional sentences),3
2023-JSS014-Kidato III,Communicate effectively in different contexts,Use appropriate grammar and vocabulary for oral communication in a variety of contexts,"Ask and respond to questions in interview sessions (e.g., job interview, panel interview, TV/radio interview)",3
2023-JSS014-Kidato III,Communicate effectively in different contexts,Use appropriate grammar and vocabulary for oral communication in a variety of contexts,"Describe activities and events of a social or cultural nature (e.g., celebrations, parades, accidents, elections, funerals, sport and games) using different tenses",3
2023-JSS014-Kidato III,Communicate effectively in different contexts,Create a variety of texts for different communicative purposes using the appropriate tone and register,"Write a letter to the editor, an order letter and a complaint letter (structure: Dear editor.., I would like to order…. We are glad to place our first order…, I am writing to complain about…, I am writing to bring your attention…, a complaint against…)",3
2023-JSS014-Kidato III,Communicate effectively in different contexts,Create a variety of texts for different communicative purposes using the appropriate tone and register,"Write reports on various events (e.g., sports, graduation, study tours)",3
2023-JSS014-Kidato III,Communicate effectively in different contexts,Create a variety of texts for different communicative purposes using the appropriate tone and register,"Write biographies (structure: past and present tense, third person)",3
2023-JSS014-Kidato III,Provide basic English language services to the community,Apply principles of editing and proofreading in a variety of texts,"Recognise the basic principles of editing and proofreading texts (e.g., sentence construction, language clarity, grammar, semantic rules, logical flow)",2
2023-JSS014-Kidato III,Provide basic English language services to the community,Apply principles of editing and proofreading in a variety of texts,Describe the main steps of editing and proofreading,2
2023-JSS014-Kidato III,Provide basic English language services to the community,Apply principles of editing and proofreading in a variety of texts,Describe the basic principles and methods of editing and proofreading,2
2023-JSS014-Kidato III,Provide basic English language services to the community,Apply principles of editing and proofreading in a variety of texts,"Use the principles of editing and proofreading to edit and proofread simple and short texts in a school context (e.g., laboratory rules, announcements)",2
2023-JSS014-Kidato III,Provide basic English language services to the community,Apply principles of interpretation to provide simple authentic interpretations,Explain the concept of interpretation,3
2023-JSS014-Kidato III,Provide basic English language services to the community,Apply principles of interpretation to provide simple authentic interpretations,Elaborate the principles of interpretation,3
2023-JSS014-Kidato III,Provide basic English language services to the community,Apply principles of interpretation to provide simple authentic interpretations,"Interpret a short simple text in a school context (e.g., greetings, self introductions) (English to Kiswahili and vice versa)",3
2023-JSS014-Kidato III,Provide basic English language services to the community,Apply principles of translation to produce simple authentic translation,Explain the concept of translation,3
2023-JSS014-Kidato III,Provide basic English language services to the community,Apply principles of translation to produce simple authentic translation,Elaborate the principles of translation,3
2023-JSS014-Kidato III,Provide basic English language services to the community,Apply principles of translation to produce simple authentic translation,"Translate a simple short text in a school context (e.g., laboratory rules, timetables, joining instructions) (English to Kiswahili and vice versa)",3
2023-JSS014-Kidato III,Appreciate and create literary works,Appreciate the aesthetics and value of literature,Assess the language used in selected poems and plays,8
2023-JSS014-Kidato III,Appreciate and create literary works,Appreciate the aesthetics and value of literature,Compare own values and perspectives with those implied in selected poems and plays,7
2023-JSS014-Kidato III,Appreciate and create literary works,"Evaluate the context in which literary texts are written, read and understood",Assess the socio-political and cultural contexts in which the selected poems and plays were written,3
2023-JSS014-Kidato III,Appreciate and create literary works,"Evaluate the context in which literary texts are written, read and understood","Examine the socio-political, economic and cultural issues portrayed in selected poems and plays",3
2023-JSS014-Kidato III,Appreciate and create literary works,"Evaluate the context in which literary texts are written, read and understood",Relate the context of the story in selected poems and plays with real life experiences,3
2023-JSS014-Kidato III,Appreciate and create literary works,Analyse genres of literature and appreciate their conventions,Describe different genres of written literature and their conventions,6
2023-JSS014-Kidato III,Appreciate and create literary works,Analyse genres of literature and appreciate their conventions,Analyse techniques of critiquing poems and plays based on their conventions,6
2023-JSS014-Kidato III,Appreciate and create literary works,Analyse genres of literature and appreciate their conventions,Critique selected poems and plays based on form and content,5
2023-JSS014-Kidato III,Appreciate and create literary works,Create simple literary works,Compose free verse poems on various topics using literary language,7
2023-JSS014-Kidato III,Appreciate and create literary works,Create simple literary works,"Publish the poems on various platforms (e.g., note boards and online platforms)",6
2023-JSS014-Kidato IV,Demonstrate mastery of English language skills,Use appropriate grammar and vocabulary in oral and in written language tasks,"Prepare and deliver short speeches about common topics (e.g., entrepreneurship, corruption, child rights and security, gender education, cyber security education, disaster management, health and reproductive education, drug abuse, life skills, financial management education, taxation)",7
2023-JSS014-Kidato IV,Demonstrate mastery of English language skills,Use appropriate grammar and vocabulary in oral and in written language tasks,"Compose different types of essays (narrative, descriptive, argumentative and expository) using correct grammar and vocabulary",7
2023-JSS014-Kidato IV,Comprehend oral and written information,Read texts for comprehension,Discuss the author's motives in a given text,3
2023-JSS014-Kidato IV,Comprehend oral and written information,Read texts for comprehension,Deliver an oral presentation about the content of a text,3
2023-JSS014-Kidato IV,Comprehend oral and written information,Read texts for comprehension,Draw inferences (conclusions) from a text,2
2023-JSS014-Kidato IV,Comprehend oral and written information,Comprehend oral messages with increasing difficulty,Deduce the main ideas from an oral presentation or language task,3
2023-JSS014-Kidato IV,Comprehend oral and written information,Comprehend oral messages with increasing difficulty,Examine information from oral sources,3
2023-JSS014-Kidato IV,Comprehend oral and written information,Comprehend oral messages with increasing difficulty,Relate the core messages of an oral presentation to real life experiences,2
2023-JSS014-Kidato IV,Comprehend oral and written information,Construct meaning from a variety of texts,"Explore strategies for deriving meanings of words from given texts (e.g., contextual guessing)",2
2023-JSS014-Kidato IV,Comprehend oral and written information,Construct meaning from a variety of texts,Synthesise ideas and draw conclusions from multiple and diverse texts,2
2023-JSS014-Kidato IV,Comprehend oral and written information,Construct meaning from a variety of texts,Write a single text from information and opinions derived from a variety of texts,2
2023-JSS014-Kidato IV,Comprehend oral and written information,Construct meaning from a variety of texts,Make inferences about a variety of texts,2
2023-JSS014-Kidato IV,Comprehend oral and written information,Construct meaning from a variety of texts,Relate the core messages from multiple and diverse texts to real life experiences,1
2023-JSS014-Kidato IV,Communicate effectively in different contexts,Use appropriate grammar and vocabulary for oral communication in a variety of contexts,"Express feelings and emotions depicted/portrayed in various social contexts using appropriate phrases (e.g., I am saddened…, I am upset…, my condolences… I feel happy… hurray…)",4
2023-JSS014-Kidato IV,Communicate effectively in different contexts,Use appropriate grammar and vocabulary for oral communication in a variety of contexts,"Deliver different kinds of planned and unplanned speeches (e.g., informative, persuasive speech) on different topics",4
2023-JSS014-Kidato IV,Communicate effectively in different contexts,Use appropriate grammar and vocabulary for oral communication in a variety of contexts,"Negotiate solutions to various problems using appropriate formalaic language (e.g., Would you mind…, don't you think…, is it possible…, if I were you…)",3
2023-JSS014-Kidato IV,Communicate effectively in different contexts,Create a variety of texts for different communicative purposes using the appropriate tone and register,"Write application letters for various purposes (e.g., job application, school admission)",5
2023-JSS014-Kidato IV,Communicate effectively in different contexts,Create a variety of texts for different communicative purposes using the appropriate tone and register,"Write speeches on a variety of topics, including cross-cutting issues",5
2023-JSS014-Kidato IV,Communicate effectively in different contexts,Create a variety of texts for different communicative purposes using the appropriate tone and register,Write Curriculum Vitae (CV) for different purposes,4
2023-JSS014-Kidato IV,Communicate effectively in different contexts,Conduct a socio-cultural analysis of functional texts,"Analyse different functional texts in terms of purpose, content, organisation, format and design",4
2023-JSS014-Kidato IV,Communicate effectively in different contexts,Conduct a socio-cultural analysis of functional texts,"Read a variety of functional texts (e.g., recipes, product manuals, transport schedules, forms, brochures, and menus)",4
2023-JSS014-Kidato IV,Communicate effectively in different contexts,Conduct a socio-cultural analysis of functional texts,Comment on the usefulness of different functional texts,3
2023-JSS014-Kidato IV,Communicate effectively in different contexts,Conduct a socio-cultural analysis of functional texts,Compose functional texts to serve various purposes,3
2023-JSS014-Kidato IV,Provide basic English language services to the community,Apply principles of editing and proofreading in a variety of texts,"Edit and proofread texts in a school context (e.g., school rules and regulations, essays/compositions)",6
2023-JSS014-Kidato IV,Provide basic English language services to the community,Apply principles of editing and proofreading in a variety of texts,"Edit and proofread short texts in contexts outside the school (e.g. posters, flyers, user manuals)",6
2023-JSS014-Kidato IV,Provide basic English language services to the community,Apply principles of interpretation to provide simple authentic interpretations,"Interpret messages in informal contexts (e.g., family conversations and peer conversations) (from English to Kiswahili and vice versa)",5
2023-JSS014-Kidato IV,Provide basic English language services to the community,Apply principles of interpretation to provide simple authentic interpretations,"Interpret messages in small formal settings (e.g., classroom and subject group discussions) (from English to Kiswahili and vice versa)",5
2023-JSS014-Kidato IV,Provide basic English language services to the community,Apply principles of interpretation to provide simple authentic interpretations,"Interpret messages in large formal settings (e.g., church, mosque and meetings) (from English to Kiswahili and vice versa)",4
2023-JSS014-Kidato IV,Provide basic English language services to the community,Apply principles of translation to produce simple authentic translation,Translate texts in contexts outside the school (from English to Kiswahili and vice versa),5
2023-JSS014-Kidato IV,Provide basic English language services to the community,Apply principles of translation to produce simple authentic translation,"Translate a variety of short texts (e.g., advertisements and functional texts) (from English to Kiswahili and vice versa)",5
2023-JSS014-Kidato IV,Provide basic English language services to the community,Apply principles of translation to produce simple authentic translation,Translate a variety of long texts (from English to Kiswahili and vice versa),4
2023-JSS014-Kidato IV,Provide basic English language services to the community,Manage short translation and editing projects using Computer-Assisted Tools,Describe the use of Computer-Assisted Tools in translating and editing,5
2023-JSS014-Kidato IV,Provide basic English language services to the community,Manage short translation and editing projects using Computer-Assisted Tools,Use Computer-Assisted Translation Tools to translate and edit short simple texts,4
2023-JSS014-Kidato IV,Appreciate and create literary works,Appreciate the aesthetics and value of literature,Assess the language used in a selected novella,4
2023-JSS014-Kidato IV,Appreciate and create literary works,Appreciate the aesthetics and value of literature,Compare own values and perspectives with those implied in a selected novella,3
2023-JSS014-Kidato IV,Appreciate and create literary works,Appreciate the aesthetics and value of literature,Dramatise episodes from a selected novella,3
2023-JSS014-Kidato IV,Appreciate and create literary works,"Evaluate the context in which literary texts are written, read and understood",Examine the socio-political and cultural issues portrayed in a selected novella,6
2023-JSS014-Kidato IV,Appreciate and create literary works,"Evaluate the context in which literary texts are written, read and understood",Relate the context of the story in a selected novella to real life experiences,6
2023-JSS014-Kidato IV,Appreciate and create literary works,Analyse genres of literature and appreciate their conventions,Analyse techniques of critiquing literary texts based on their conventions,4
2023-JSS014-Kidato IV,Appreciate and create literary works,Analyse genres of literature and appreciate their conventions,Critique a selected novella based on form and content,4
2023-JSS014-Kidato IV,Appreciate and create literary works,Create simple literary works,Apply literary skills to compose short stories on various topics,9
2023-JSS014-Kidato IV,Appreciate and create literary works,Create simple literary works,"Publish the short stories on various platforms (e.g., note boards and online platforms)",9
